date,actual_volatility,egarch_forecast
2019-06-21,0.0790075147439393,0.10167316571905499
2019-06-24,0.0818738118522844,0.10106168487898862
2019-06-25,0.0717689362902256,0.09996841210150104
2019-06-26,0.0749235499870662,0.1211434822781468
2019-06-27,0.076797735567701,0.11801623120569482
2019-06-28,0.076728437530945,0.11217112305918657
2019-07-01,0.0723211562061911,0.10683043003543813
2019-07-02,0.0832410137161003,0.10205436433111696
2019-07-03,0.0836183064555577,0.09735760749141364
2019-07-05,0.0871295856224368,0.09323134453853177
2019-07-08,0.1359556458382029,0.09252388800059437
2019-07-09,0.1472479012047249,0.10261201406469515
2019-07-10,0.1455876376934256,0.09782553062333708
2019-07-11,0.1635822872822578,0.09352023890027085
2019-07-12,0.163528845723461,0.08942079265179032
2019-07-15,0.1676784732851257,0.08568663683572558
2019-07-16,0.1788052564244701,0.08215379566211392
2019-07-17,0.2054100091064533,0.08729465999897486
2019-07-18,0.2050454100616955,0.10138239856807799
2019-07-19,0.213331341789974,0.09676960511592288
2019-07-22,0.2182454666434051,0.10665767026186079
2019-07-23,0.2173156486034921,0.10160891033082889
2019-07-24,0.2189749667087327,0.09711776096478382
2019-07-25,0.2186636222734435,0.09285245976475479
2019-07-26,0.2331873619238113,0.10106698472619495
2019-07-29,0.2383740896639572,0.09659566048578952
2019-07-30,0.2384457494835405,0.09724811033664207
2019-07-31,0.2383609878162284,0.09935739851017321
2019-08-01,0.2417881004368516,0.12391434109748192
2019-08-02,0.2403029003017409,0.13957279222710536
2019-08-05,0.2131920110585853,0.1506433196841619
2019-08-06,0.2113008956393555,0.23076914330017326
2019-08-07,0.2153193135645164,0.21538873537757652
2019-08-08,0.2048519925006221,0.20092378147318976
2019-08-09,0.2028957045672731,0.1886282898582718
2019-08-12,0.1967905835899811,0.19332127741034372
2019-08-13,0.1912270360711093,0.21108667828427508
2019-08-14,0.1512694879221493,0.1976387322937363
2019-08-15,0.1518194034427025,0.2661769488687281
2019-08-16,0.1464340561165253,0.24685900186969018
2019-08-19,0.1415897313988951,0.229960353991496
2019-08-20,0.1374906562834057,0.21458078798742417
2019-08-21,0.1356185628652078,0.2188254994370006
2019-08-22,0.137282233420646,0.20436133776480517
2019-08-23,0.0926329894973328,0.19247896238971307
2019-08-26,0.0939480499691029,0.24917451424487438
2019-08-27,0.0927733290651201,0.2319230797194657
2019-08-28,0.0919580559556833,0.22562856730747133
2019-08-29,0.0852328523434568,0.2105059855664368
2019-08-30,0.0862172241217686,0.19700611539390844
2019-09-03,0.0949091152420655,0.1861126329033688
2019-09-04,0.1071329191878662,0.1887338898731144
2019-09-05,0.1004229822790711,0.17716378524506643
2019-09-06,0.1127477548817326,0.16668204269780115
2019-09-09,0.1135374867173431,0.15666703562096967
2019-09-10,0.125377953849434,0.14749237783260155
2019-09-11,0.1277620712720174,0.14042857598888075
2019-09-12,0.1298927394211108,0.13283719512432526
2019-09-13,0.1361046041303,0.12571130438675437
2019-09-16,0.1357997783758129,0.12137675914893381
2019-09-17,0.1403602018276339,0.12309012776621513
2019-09-18,0.1404310051040743,0.11669184366188608
2019-09-19,0.1408807330476239,0.11070901590516861
2019-09-20,0.1407328022423559,0.10615822247170448
2019-09-23,0.1427855178580166,0.11321578813159155
2019-09-24,0.1402007403986206,0.10885988157381483
2019-09-25,0.1390787628258149,0.12395041466605593
2019-09-26,0.1388312308518164,0.1176228452224734
2019-09-27,0.1375025108597919,0.11724545065362375
2019-09-30,0.1378911885254656,0.12504161238394235
2019-10-01,0.1291849617021711,0.11857255480841904
2019-10-02,0.1067005418867045,0.14405935978871928
2019-10-03,0.1062946721537872,0.18355224743852136
2019-10-04,0.1012999697004259,0.17222041714828695
2019-10-07,0.0987258102207694,0.16212435511060572
2019-10-08,0.0738771516618179,0.16327108023400352
2019-10-09,0.0705516729267234,0.19382221609495684
2019-10-10,0.0689796846416136,0.18161162781686338
2019-10-11,0.0624847986288673,0.1704128812705458
2019-10-14,0.0630885719066014,0.16034986221763617
2019-10-15,0.0559780402694192,0.1541516031086365
2019-10-16,0.0548900486254217,0.1454838521708175
2019-10-17,0.0547185817227447,0.14170032613084324
2019-10-18,0.0531058739384628,0.1338238524656344
2019-10-21,0.050595327357204,0.13765105714699655
2019-10-22,0.0475130232862735,0.1302466912885968
2019-10-23,0.051696227253462,0.13167776204200937
2019-10-24,0.053084739652356,0.1246155599152526
2019-10-25,0.0523436272871816,0.1180688134510105
2019-10-28,0.054984787876149,0.11212468943879693
2019-10-29,0.0545422719669932,0.10670108050549179
2019-10-30,0.0551985594032021,0.10300280128172984
2019-10-31,0.0564439326255015,0.09815784186082524
2019-11-01,0.0604287991643378,0.10073313404995604
2019-11-04,0.0649313886755385,0.09634070197353568
2019-11-05,0.0678138167091298,0.09202784097554134
2019-11-06,0.0678924713400311,0.09131592467025107
2019-11-07,0.0735130563062333,0.08754660820297507
2019-11-08,0.0747944542504166,0.08383625838406246
2019-11-11,0.074465163701977,0.08033416366290864
2019-11-12,0.0746749900667507,0.08241453342019042
2019-11-13,0.0794743805188724,0.07899269970529807
2019-11-14,0.0795078317726574,0.07584499414693742
2019-11-15,0.079155252764968,0.07282746174532005
2019-11-18,0.079218565307155,0.07034465906720269
2019-11-19,0.0791411650288731,0.06765489254764713
2019-11-20,0.0775187591055164,0.06668384946887262
2019-11-21,0.0771376070162085,0.07447741105768187
2019-11-22,0.0771389980713176,0.07624469995452471
2019-11-25,0.0741739435908,0.07324071700835807
2019-11-26,0.0753766461080903,0.07074145502073771
2019-11-27,0.0748948121331863,0.06810403225497925
2019-11-29,0.0767901415712416,0.06574792018738508
2019-12-02,0.0674460903978346,0.07359967691614384
2019-12-03,0.0643147687412777,0.09460125768279323
2019-12-04,0.0724289775221655,0.10808114242599216
2019-12-05,0.0727153324307085,0.10295306948128814
2019-12-06,0.0696927589900475,0.09802279900648646
2019-12-09,0.0687088658439257,0.09380328705414291
2019-12-10,0.0697988045276059,0.09794796018963144
2019-12-11,0.0721232961949604,0.09681185394365312
2019-12-12,0.0702710139601302,0.09239145702228697
2019-12-13,0.0712003632251003,0.0885587834191198
2019-12-16,0.0687205537879961,0.08464039571352355
2019-12-17,0.0724530112179313,0.0812784381063999
2019-12-18,0.0721840820304944,0.07823561938034576
2019-12-19,0.0732063796129554,0.07576625977433728
2019-12-20,0.072808992994772,0.07288292634698045
2019-12-23,0.0728284831360888,0.07020379127056596
2019-12-24,0.0818014143941048,0.067564836608151
2019-12-26,0.1006776792752835,0.06587132553259006
2019-12-27,0.1071284169517548,0.0636959973400515
2019-12-30,0.1048241661958455,0.06290459306602603
2019-12-31,0.1050255393497964,0.07608993496258155
2020-01-02,0.1203551118462027,0.07310195944527745
2020-01-03,0.120372623050307,0.07067211242753019
2020-01-06,0.1310251349885668,0.08919775169188665
2020-01-07,0.1355006035199286,0.08535822737939303
2020-01-08,0.1349554245504234,0.08933077846923897
2020-01-09,0.1354753569059361,0.08555597882771351
2020-01-10,0.1366597148578216,0.08212700939727062
2020-01-13,0.1351288040203192,0.08651489781400207
2020-01-14,0.1360208502323393,0.08302059344976978
2020-01-15,0.136286959355787,0.08398022545471215
2020-01-16,0.1338084240774311,0.08043993720548825
2020-01-17,0.1341425177992331,0.07745295743849942
2020-01-21,0.1344891744921843,0.07439418577861745
2020-01-22,0.1357136862734358,0.07704833011337495
2020-01-23,0.1413874441295942,0.07452806245732306
2020-01-24,0.183809960104478,0.07158813485509587
2020-01-27,0.2058182484224548,0.09408838690179712
2020-01-28,0.2008219090187731,0.13718768670069403
2020-01-29,0.2531581450857951,0.12990844126526066
2020-01-30,0.2514470768368215,0.12551320872579338
2020-01-31,0.2971251902383917,0.11883494907129666
2020-02-03,0.3097276302735243,0.16477451461707668
2020-02-04,0.3428918206990073,0.15489541931850487
2020-02-05,0.3557975719332867,0.14634993324793358
2020-02-06,0.3568156591119897,0.13832444680998673
2020-02-07,0.4462466309334422,0.13055822258473337
2020-02-10,0.4918066859365791,0.1371220679797041
2020-02-11,0.5128216361417381,0.12966588452227068
2020-02-12,0.6004546264183009,0.12258294645157755
2020-02-13,0.6921555750295768,0.1162843158821991
2020-02-14,0.7829754720806315,0.1136179622162518
2020-02-18,0.8201406831400161,0.1078420487465688
2020-02-19,0.8273042539299079,0.10949608792108241
2020-02-20,0.828904867525119,0.10417211264407418
2020-02-21,0.8340115699959664,0.10996044850403744
2020-02-24,0.8325830909001308,0.1321337439824771
2020-02-25,0.9098505745031458,0.23374559806751272
2020-02-26,0.914542331435222,0.3010776440224626
2020-02-27,0.9354255191119952,0.2864998225867
2020-02-28,0.9392405486984008,0.39403374797824936
2020-03-02,0.932592330800832,0.3702140432676655
2020-03-03,0.9297247136318724,0.34096580461819176
2020-03-04,0.9208740179122566,0.386997959205611
2020-03-05,0.9247681672546206,0.35560798892073836
2020-03-06,0.924562403532453,0.4132044822093569
2020-03-09,0.9181384292987018,0.4171611837667327
2020-03-10,0.8976182526619626,0.6194260146853643
2020-03-11,0.8894409686136815,0.5602426630997354
2020-03-12,0.8064724600203806,0.6331608608783732
2020-03-13,0.7558507953888531,0.8501971286933979
2020-03-16,0.6203720264931766,0.7623604304219527
2020-03-17,0.6064380627672504,1.0022944011108805
2020-03-18,0.5679767943515415,0.8911873451678989
2020-03-19,0.5713679332212873,0.9193047257909045
2020-03-20,0.546020684786017,0.8170487603788261
2020-03-23,0.5506294352337412,0.8357231628855093
2020-03-24,0.4737565456737828,0.8061805307597532
2020-03-25,0.4733917104516121,0.7245496733245703
2020-03-26,0.4355510756896186,0.6491771112468048
2020-03-27,0.417430972419082,0.5864981059776083
2020-03-30,0.407602728559629,0.6025338692457387
2020-03-31,0.4075873670258113,0.5439804824336242
2020-04-01,0.363314136564597,0.527128169914509
2020-04-02,0.3793558020867508,0.5951689682638682
2020-04-03,0.3719387354658452,0.5369999963834159
2020-04-06,0.3020111810629007,0.5200201819196079
2020-04-07,0.3042587661396265,0.47474204705235457
2020-04-08,0.2857818677457678,0.4301722414188399
2020-04-09,0.2865878000562353,0.3931862570239065
2020-04-13,0.2834399876974587,0.35899760166484596
2020-04-14,0.2770795206945152,0.35056095736950804
2020-04-15,0.2735341678151049,0.3226074902258868
2020-04-16,0.2760950991370586,0.351065634242277
2020-04-17,0.25955527234546,0.321151151902303
2020-04-20,0.2714496521994913,0.29625722234676993
2020-04-21,0.2468695162718803,0.317902861934245
2020-04-22,0.2423915153160271,0.3738911356953383
2020-04-23,0.2447899214344231,0.34263050768147485
2020-04-24,0.2412597457303418,0.3146943109763429
2020-04-27,0.2399844585426202,0.289522044770127
2020-04-28,0.2426928448291316,0.2671005423312395
2020-04-29,0.2275937668910103,0.2580880905045906
2020-04-30,0.2239974614814984,0.23998117688254825
2020-05-01,0.195719415902701,0.24586149744381078
2020-05-04,0.1962741234784484,0.3007159532577708
2020-05-05,0.1981580833046996,0.27658263252705334
2020-05-06,0.1955818839634145,0.2553427854365361
2020-05-07,0.2076349941968019,0.2531423810711874
2020-05-08,0.2050630380188272,0.2344953907927147
2020-05-11,0.2092223660549151,0.21804459479995641
2020-05-12,0.1920756755779608,0.2027116905831696
2020-05-13,0.2901283516630119,0.24340244639634662
2020-05-14,0.2901315558185309,0.2718694656459126
2020-05-15,0.2908954207961812,0.25130378120698205
2020-05-18,0.2800658052584368,0.2325054473064943
2020-05-19,0.2770284719219163,0.21710537310113365
2020-05-20,0.2724483258449123,0.22814833341560448
2020-05-21,0.2719352758137841,0.21238639199174303
2020-05-22,0.2722714856472234,0.21511994385225297
2020-05-26,0.2700686588937034,0.19985309119042588
2020-05-27,0.2834233665665728,0.1866166747114315
2020-05-28,0.2856299711017936,0.17482847219032818
2020-05-29,0.2985907046863071,0.16863651279695827
2020-06-01,0.3030292437349792,0.15791023885708513
2020-06-02,0.3050498431880187,0.14813383417191875
2020-06-03,0.3023271185221505,0.13947556328095947
2020-06-04,0.3027810434811112,0.13197202439940534
2020-06-05,0.2938094024033031,0.1316347340267733
2020-06-08,0.2922660690815009,0.12623753412664263
2020-06-09,0.2929161223062612,0.1200049443333159
2020-06-10,0.292942587645113,0.13363149450845047
2020-06-11,0.1953357997751968,0.14076215302395426
2020-06-12,0.1965183709094166,0.3761117991919377
2020-06-15,0.1986964865668723,0.344839703509878
2020-06-16,0.1904218832132264,0.31687421727590115
2020-06-17,0.1900983289527641,0.29344649790763494
2020-06-18,0.1900832687958916,0.2806252572742767
2020-06-19,0.1891439460239215,0.25875410475787514
2020-06-22,0.1885775638633878,0.2534582769331983
2020-06-23,0.1887939398580798,0.23517508685779404
2020-06-24,0.1664951672476276,0.2185352778669302
2020-06-25,0.1671499582717151,0.27247079194347157
2020-06-26,0.1361498969779076,0.2527730308213444
2020-06-29,0.1342614354075874,0.29640280871051083
2020-06-30,0.133770948978102,0.274688620672311
2020-07-01,0.1344801385920704,0.25502533835326324
2020-07-02,0.1355327390147666,0.23669611669996996
2020-07-06,0.1278452727842485,0.2200332963450873
2020-07-07,0.1195653215721504,0.20618089477280988
2020-07-08,0.1188644762098422,0.21800351496975137
2020-07-09,0.1156593230472137,0.20342357319084928
2020-07-10,0.1128114867825069,0.20379533629776383
2020-07-13,0.1046137300616292,0.19088023882687832
2020-07-14,0.1055907947635097,0.20000793683786885
2020-07-15,0.1109167489745529,0.18777927505018768
2020-07-16,0.1100306619482838,0.1762479309476992
2020-07-17,0.1103430139031477,0.17338847730719004
2020-07-20,0.108310054211845,0.16243207868256865
2020-07-21,0.1083104089955473,0.15307513141952048
2020-07-22,0.1095766752991892,0.14382728449179152
2020-07-23,0.0971947155628593,0.13580349376127845
2020-07-24,0.0915329121802388,0.15994567411052107
2020-07-27,0.0938644158888755,0.1664851368974498
2020-07-28,0.087164493433779,0.15667628947095358
2020-07-29,0.0844879578881189,0.1632832814190673
2020-07-30,0.0806229542283808,0.15435376160680778
2020-07-31,0.0797785550660759,0.1542125922442758
2020-08-03,0.0826093577706583,0.14556862106789942
2020-08-04,0.0856120018102196,0.13756675461204165
2020-08-05,0.0937880905396416,0.1298814501794022
2020-08-06,0.1656059312257138,0.1231224421155575
2020-08-07,0.169239862507921,0.11698236566432803
2020-08-10,0.1975859187825673,0.11061923959267024
2020-08-11,0.2072370160643602,0.10502872034586905
2020-08-12,0.2113912921458344,0.12203153056100313
2020-08-13,0.211365207006722,0.11686658168265626
2020-08-14,0.2167396193640219,0.11571679948718136
2020-08-17,0.217175755828531,0.11028499509887553
2020-08-18,0.2175834291592188,0.10476704231467306
2020-08-19,0.2193983652512425,0.09955956398991535
2020-08-20,0.2226259698740182,0.10582451191751033
2020-08-21,0.2248237319674024,0.10064791382338288
2020-08-24,0.2248591335626062,0.09592152061113912
2020-08-25,0.2366904592387154,0.09237657321387963
2020-08-26,0.2327543737659324,0.08827153495266042
2020-08-27,0.2421585202769375,0.08532545063882371
2020-08-28,0.2496811701247718,0.08156885553714811
2020-08-31,0.2499053699988372,0.07864081061330866
2020-09-01,0.2488598317265913,0.08525195421133658
2020-09-02,0.2433005382564821,0.08246017570130876
2020-09-03,0.2134968581393114,0.08086658113796188
2020-09-04,0.222200245758957,0.222368676540901
2020-09-08,0.2046202678378739,0.22597401949028198
2020-09-09,0.201920590913535,0.284247533981452
2020-09-10,0.1924469992509251,0.26602759925030667
2020-09-11,0.1940754529779113,0.28887906309709244
2020-09-14,0.1964909181796182,0.2653431656044477
2020-09-15,0.1985808596422296,0.24748099666732812
2020-09-16,0.1996231193092156,0.22954861432428475
2020-09-17,0.1961852307954782,0.2224341906680297
2020-09-18,0.1899480209327861,0.22786164894006986
2020-09-21,0.1943951744934757,0.23962448992072555
2020-09-22,0.1923034345365863,0.24906973745369682
2020-09-23,0.1682450262023686,0.23227651539531644
2020-09-24,0.1684608460088668,0.2758586524598929
2020-09-25,0.1614754482264985,0.25447127414749776
2020-09-28,0.1691965655787207,0.23856077184678853
2020-09-29,0.1683636362158598,0.2244047808187878
2020-09-30,0.2083784064223504,0.22139384054642589
2020-10-01,0.2105895956724771,0.2068228888366298
2020-10-02,0.2111172610758264,0.19342045693165985
2020-10-05,0.2047053036256973,0.20375755424619454
2020-10-06,0.2092395372602554,0.1933805898113826
2020-10-07,0.2151150101476821,0.21633299923388583
2020-10-08,0.2236151068292567,0.20462589438450213
2020-10-09,0.2216440219119053,0.19202360770639168
2020-10-12,0.218750785948661,0.180663447999167
2020-10-13,0.2173802215268586,0.172153754487263
2020-10-14,0.2170881456804789,0.17713161025772892
2020-10-15,0.2204525945380976,0.18100871606039104
2020-10-16,0.2250665644086909,0.172375121027535
2020-10-19,0.2189658166424905,0.16310209724624675
2020-10-20,0.2208808562838999,0.1926190180425701
2020-10-21,0.2264499012885337,0.1800385613651404
2020-10-22,0.2262321449211752,0.17303723562184306
2020-10-23,0.2282441358714235,0.1626625455957436
2020-10-26,0.2160146625185311,0.1527471394880291
2020-10-27,0.2197847438249424,0.19360076153577577
2020-10-28,0.1685835755610994,0.18894868855650646
2020-10-29,0.1677726529279306,0.2764113194939306
2020-10-30,0.1617062467808659,0.2567258938622368
2020-11-02,0.1615774842951991,0.2624885501309578
2020-11-03,0.1550787521678264,0.24455608338535728
2020-11-04,0.1408475694870892,0.22999871292528784
2020-11-05,0.1293008058672166,0.21804032614489105
2020-11-06,0.1300154652342328,0.20663620564600046
2020-11-09,0.1247246773610646,0.19322891184663088
2020-11-10,0.1303741451020459,0.18261172719366364
2020-11-11,0.128829666319992,0.1743750167893769
2020-11-12,0.1224333396810422,0.16432803396420595
2020-11-13,0.11579835957185,0.17837287251292003
2020-11-16,0.1171952969594724,0.1694721077775428
2020-11-17,0.1147713353850669,0.16109296264301115
2020-11-18,0.1040192250085527,0.16432272761335553
2020-11-19,0.10597310501966,0.18470606637150483
2020-11-20,0.1030129722380222,0.17294592807504602
2020-11-23,0.1026266418461022,0.17870069334282823
2020-11-24,0.0873387974141498,0.1679257469796328
2020-11-25,0.0875252214428591,0.1605325209786183
2020-11-27,0.0913302564400269,0.15457388075071365
2020-11-30,0.0896242703869156,0.1452777042651995
2020-12-01,0.0824951460550165,0.14768562197997523
2020-12-02,0.0836737222899639,0.1409136484510076
2020-12-03,0.0989418621008395,0.132672899129225
2020-12-04,0.0972546030974648,0.12625881642927428
2020-12-07,0.0987079298396038,0.12081748460402206
2020-12-08,0.1103042526900672,0.11962865511964704
2020-12-09,0.1040586539976504,0.11339452302406464
2020-12-10,0.1084954655397086,0.1310218692503588
2020-12-11,0.1080998900647842,0.12489095053473735
2020-12-14,0.1054568186746033,0.12126041714163525
2020-12-15,0.0985444077248868,0.1260414632130891
2020-12-16,0.1032776854410413,0.12177296177429935
2020-12-17,0.1049050341153426,0.11506257332577995
2020-12-18,0.1121930762664025,0.10984474347961375
2020-12-21,0.1103717944171169,0.11443497645366417
2020-12-22,0.1114272753025228,0.11756478089205105
2020-12-23,0.1115197515272986,0.11578609015747691
2020-12-24,0.1121273005778885,0.10941209957036906
2020-12-28,0.1439546956227997,0.1042535690390894
2020-12-29,0.1465985638212862,0.10063846845343509
2020-12-30,0.164470326881416,0.10081251245845561
2020-12-31,0.1741151985315308,0.09576683478630385
2021-01-04,0.1723311127995333,0.09198183550368338
2021-01-05,0.1712633249450915,0.126920103276878
2021-01-06,0.1741757172863172,0.12100643529986195
2021-01-07,0.1675019086715346,0.11538642990852123
2021-01-08,0.1681336204356728,0.1123417040848299
2021-01-11,0.1656790162354261,0.10737555683738273
2021-01-12,0.1657618486313346,0.11943243518256907
2021-01-13,0.1657009974703873,0.11304638965682523
2021-01-14,0.1650796546479079,0.10732841613252025
2021-01-15,0.1618895780102602,0.11090044275915002
2021-01-19,0.1606072311351502,0.12409885656576115
2021-01-20,0.1554574490547146,0.11864847517952815
2021-01-21,0.1557412946311443,0.11507899744995181
2021-01-22,0.1579576032469711,0.1087723258721637
2021-01-25,0.1574759563874595,0.1123139089491215
2021-01-26,0.1616209661709342,0.10694250338297455
2021-01-27,0.1608767574645634,0.10577377091604862
2021-01-28,0.1597460682654789,0.17838097020518162
2021-01-29,0.1612053359546451,0.16817032312595956
2021-02-01,0.1563724680630707,0.21185932603260735
2021-02-02,0.1570989780528703,0.2003175829817326
2021-02-03,0.1631142399752179,0.18930240518702973
2021-02-04,0.1715010998925921,0.17620558646462153
2021-02-05,0.1714845555917064,0.1668634069679172
2021-02-08,0.1774754015790737,0.15666059520159478
2021-02-09,0.1790232745470833,0.148173219054484
2021-02-10,0.1826119593000269,0.14130326117984818
2021-02-11,0.1825915701428659,0.13452773439497984
2021-02-12,0.1829600537078756,0.12674670350395742
2021-02-16,0.1830040392810814,0.12039503907236244
2021-02-17,0.1832982083644687,0.11644663333342276
2021-02-18,0.1905373836989978,0.11027736686855809
2021-02-19,0.1905485310005356,0.11552114149872517
2021-02-22,0.1901457124110434,0.11412487182762669
2021-02-23,0.1926678342661138,0.12812927788745673
2021-02-24,0.1894225370502922,0.1208002999738789
2021-02-25,0.1676752046260184,0.11636697005312988
2021-02-26,0.1738578169743085,0.1843412904137344
2021-03-01,0.153740913391843,0.18472893025055453
2021-03-02,0.150888285967334,0.1776334060955184
2021-03-03,0.1409508298875852,0.18537612126330344
2021-03-04,0.1330561443085036,0.20676457480145527
2021-03-05,0.1277557182147544,0.2232930620907985
2021-03-08,0.1250113704471448,0.21091266185068216
2021-03-09,0.1182966108724211,0.20820416046644363
2021-03-10,0.1178182950040711,0.19638122834626714
2021-03-11,0.11581619726104,0.18390222087993174
2021-03-12,0.115986340509944,0.1735155267421103
2021-03-15,0.1152388392799988,0.16214443667122483
2021-03-16,0.1163474750882005,0.1528643381819287
2021-03-17,0.120244516896826,0.14698457902754447
2021-03-18,0.1018426749220842,0.13850697622979197
2021-03-19,0.1044757264845888,0.16946505392633454
2021-03-22,0.1092493582989018,0.16343013356207287
2021-03-23,0.104721444594052,0.15449085987527994
2021-03-24,0.1099292429163846,0.1648208222472046
2021-03-25,0.1129903430440606,0.16702547366221798
2021-03-26,0.1026820020455771,0.15722760855537252
2021-03-29,0.1025686451134836,0.1506884813155289
2021-03-30,0.1012723300980616,0.14325818824573625
2021-03-31,0.1019796964140977,0.14156496512498373
2021-04-01,0.1028766992975855,0.133723709068553
2021-04-05,0.0922461375632405,0.12809383643174305
2021-04-06,0.0959433442240096,0.12379040734696636
2021-04-07,0.0959900437070077,0.11891341576105148
2021-04-08,0.0982533299106988,0.11236350871500776
2021-04-09,0.098259627955327,0.10716211717026776
2021-04-12,0.1060429576962638,0.10297215508830326
2021-04-13,0.1110892149966937,0.09758827283903874
2021-04-14,0.1347733263398934,0.09315943253596633
2021-04-15,0.1362509730678624,0.09776564231010686
2021-04-16,0.1470251507639486,0.09515342713736924
2021-04-19,0.14622650470657,0.09100426376854398
2021-04-20,0.1471706822284939,0.0997444557307303
2021-04-21,0.1430709726093862,0.1142518398706859
2021-04-22,0.1447122924024624,0.10996296527957053
2021-04-23,0.1393944932205601,0.12851016074227367
2021-04-26,0.1440165425297659,0.12333044833226568
2021-04-27,0.1442665297476116,0.11661003257793355
2021-04-28,0.1444134672571377,0.11147865469873662
2021-04-29,0.1425904025080194,0.10694749842320565
2021-04-30,0.1406123152675746,0.10255757411215864
2021-05-03,0.140501913257461,0.11468883272430107
2021-05-04,0.1385263426778545,0.10872334482814139
2021-05-05,0.1393595506625293,0.11915806082016296
2021-05-06,0.1402479963026464,0.11260040489654742
2021-05-07,0.1379534947895573,0.10810836708240065
2021-05-10,0.1328438528935456,0.10382640473806565
2021-05-11,0.1283421775435313,0.1253161028405655
2021-05-12,0.0978367594826303,0.14156932208622564
2021-05-13,0.0908084627132891,0.19378713598284655
2021-05-14,0.0754996674934719,0.18279259404049567
2021-05-17,0.0750931135359529,0.17364883515950044
2021-05-18,0.0704920012198804,0.16880814233880814
2021-05-19,0.0692928647600809,0.17963195002234666
2021-05-20,0.0787270421893976,0.17441840421940233
2021-05-21,0.0931192228341535,0.16501878463181655
2021-05-24,0.0882026862308531,0.15698552561743467
2021-05-25,0.0878401864452055,0.1490904136940241
2021-05-26,0.0896894853641619,0.14583208596926853
2021-05-27,0.090171645184599,0.13714149235389161
2021-05-28,0.0902005155137849,0.12889996950486973
2021-06-01,0.0899398529593012,0.12164471040146775
2021-06-02,0.0899276244223674,0.11763791852570596
2021-06-03,0.0893756028728087,0.11127394369615529
2021-06-04,0.0878457153082889,0.11506764246364078
2021-06-07,0.0882101695606626,0.11063348007407874
2021-06-08,0.0883935119115935,0.10775845168922914
2021-06-09,0.0944625020588433,0.1023348851399442
2021-06-10,0.0995548232765038,0.10138249538736752
2021-06-11,0.0998148902956407,0.09703189315630306
2021-06-14,0.101375030961696,0.092332847889122
2021-06-15,0.1006678979596976,0.0881270078679975
2021-06-16,0.0989038572691234,0.08915230403614154
2021-06-17,0.1043699120765586,0.09993529875507302
2021-06-18,0.1068850851438613,0.09638870616381448
2021-06-21,0.1069081263197872,0.13044886298503205
2021-06-22,0.1087334264574721,0.12587794424085888
2021-06-23,0.1083411008714605,0.11964456325141115
2021-06-24,0.1117183204668699,0.11656683553562111
2021-06-25,0.1115479950150065,0.11125838270022681
2021-06-28,0.1136977642133903,0.10586228257692798
2021-06-29,0.1138353189466008,0.10056384607356109
2021-06-30,0.1142659931346029,0.09536004540474555
2021-07-01,0.115301958384527,0.09062857243398652
2021-07-02,0.1129651138353874,0.08732587888021798
2021-07-06,0.1157821980523798,0.08476827925366168
2021-07-07,0.1171603328066721,0.08605936232578246
2021-07-08,0.1141450092070577,0.08264664586985601
2021-07-09,0.1086831816659334,0.10153900557797346
2021-07-12,0.1083092959380358,0.09855792481643857
2021-07-13,0.1072910780039044,0.09418786866480669
2021-07-14,0.1074323737903202,0.09872404888655219
2021-07-15,0.106452763579157,0.09387362047168886
2021-07-16,0.1009382676637215,0.09845317039286944
2021-07-19,0.0798091583952469,0.1146459445126512
2021-07-20,0.0732371281677035,0.15001603808717232
2021-07-21,0.0813444718998253,0.14368912991630506
2021-07-22,0.0812286677515414,0.13647408948948045
2021-07-23,0.0779037412076723,0.12855860665133048
2021-07-26,0.08315890602883,0.12319472479601727
2021-07-27,0.0808222302134827,0.11652268621843964
2021-07-28,0.0807275823114189,0.12203439575382036
2021-07-29,0.08360967517749,0.116874218987725
2021-07-30,0.0858506564247415,0.11113004818116183
2021-08-02,0.0855098200279286,0.11791541982212872
2021-08-03,0.0826303345831334,0.11714703216466549
2021-08-04,0.0794998593898864,0.11226520709023292
2021-08-05,0.0776760245105757,0.11910589391045336
2021-08-06,0.0778458375866413,0.11365755435963906
2021-08-09,0.0793920880986114,0.10763664679512859
2021-08-10,0.0797902929091901,0.10464960369327322
2021-08-11,0.0816323618197255,0.099275348561813
2021-08-12,0.08640475290741,0.09459939504075421
2021-08-13,0.0866458781385007,0.0904014450817421
2021-08-16,0.0883048474095788,0.08626393098356232
2021-08-17,0.0901038821860266,0.08255324564455861
2021-08-18,0.0798700562066836,0.09675986355775551
2021-08-19,0.0883417498519141,0.12249342425034082
2021-08-20,0.102639269578717,0.11569109661379398
2021-08-23,0.0960973513511165,0.11088647786542598
2021-08-24,0.1034716228286555,0.10667122869426081
2021-08-25,0.1130320976407045,0.10120267863180993
2021-08-26,0.1113827030535286,0.096287664851592
2021-08-27,0.1064887289866967,0.10726592978113575
2021-08-30,0.1253819681396503,0.10337755599888546
2021-08-31,0.1260330678187721,0.09879584472612515
2021-09-01,0.1310511249499463,0.09813491589749514
2021-09-02,0.1393171335928177,0.09312169345602754
2021-09-03,0.1444571905075275,0.08905505558901226
2021-09-07,0.1515115320851762,0.08618992564885655
2021-09-08,0.1530288002287854,0.091845174476461
2021-09-09,0.1568760117529759,0.09109697734011431
2021-09-10,0.1547921214293217,0.09817326074017636
2021-09-13,0.1559753490030177,0.11451982001067741
2021-09-14,0.1552666307222387,0.10860484897377955
2021-09-15,0.1523669379936829,0.11702384281933016
2021-09-16,0.1651391407610675,0.11219111069511428
2021-09-17,0.163497612587482,0.11065329651484208
2021-09-20,0.150246285679345,0.13096335144827578
2021-09-21,0.1515071377404322,0.16998104834922512
2021-09-22,0.1489344738384326,0.16168315885115367
2021-09-23,0.1438341757050117,0.15317121606476622
2021-09-24,0.1440292753580731,0.1459832188248842
2021-09-27,0.1440365766686127,0.13714441222878282
2021-09-28,0.1189550622906011,0.136513857358308
2021-09-29,0.1214719765479037,0.1860886228191881
2021-09-30,0.1112651013723181,0.17348861607584004
2021-10-01,0.1066474526542128,0.19357294735723382
2021-10-04,0.089125607737159,0.18247170751245514
2021-10-05,0.0854631853100879,0.20336541220734428
2021-10-06,0.086018073692572,0.19097685818716023
2021-10-07,0.083922178147251,0.17847109722257007
2021-10-08,0.0818626558586389,0.1681412892283949
2021-10-11,0.0723748598299305,0.16214968924407208
2021-10-12,0.0734000559724147,0.1701149811402796
2021-10-13,0.0845684896741512,0.1654459393103084
2021-10-14,0.0682548892598464,0.15526907742707138
2021-10-15,0.0681854968731303,0.14889491245491207
2021-10-18,0.0685046634683728,0.14110113176303973
2021-10-19,0.0657763403691765,0.13300123009662387
2021-10-20,0.0672003402478427,0.12663902039329217
2021-10-21,0.0673968750308752,0.12000086586202957
2021-10-22,0.0678610467326732,0.11363792989071805
2021-10-25,0.0682458278462944,0.11066162498764395
2021-10-26,0.0682292501443813,0.10567162016294528
2021-10-27,0.0648465834054826,0.10010973941433247
2021-10-28,0.1023525050057733,0.1067907011327831
2021-10-29,0.1109298217330303,0.10307355563879042
2021-11-01,0.131957034686125,0.09797120395473075
2021-11-02,0.136017331700424,0.0932034425380919
2021-11-03,0.1460161766459084,0.08931277973491511
2021-11-04,0.1470975577637476,0.08618830215068328
2021-11-05,0.153605072881888,0.08298382495061117
2021-11-08,0.171568597643614,0.07973508371112124
2021-11-09,0.1713785099841987,0.07614203713866263
2021-11-10,0.1706018413351272,0.08197081026285848
2021-11-11,0.1736180372538893,0.1007495319232703
2021-11-12,0.1748989708501727,0.09563499609691886
2021-11-15,0.1765530983655484,0.09232953669796305
2021-11-16,0.1849261987353871,0.08783374205513055
2021-11-17,0.1875003701875624,0.08434230684449959
2021-11-18,0.1905862284559104,0.08721997324478493
2021-11-19,0.1937391621116722,0.08364989127331722
2021-11-22,0.2048986592216832,0.08496496609185103
2021-11-23,0.2080731522883083,0.0887775181146962
2021-11-24,0.2090232595575554,0.08463309775151684
2021-11-26,0.1959166891010081,0.0810928899125595
2021-11-29,0.1924661742180334,0.15463677499259854
2021-11-30,0.1755921406908054,0.14729054759011265
2021-12-01,0.1693226005561876,0.19319201636439687
2021-12-02,0.1639100209039823,0.2080599274388668
2021-12-03,0.1592584560455321,0.19615730840138
2021-12-06,0.1559593971940833,0.20434123859763437
2021-12-07,0.1581149659474405,0.19204156444375442
2021-12-08,0.1578874921529632,0.18292100165095834
2021-12-09,0.15659542032373,0.17077723757902322
2021-12-10,0.1527912452128162,0.17665982338584
2021-12-13,0.1528204032555844,0.16656375527024073
2021-12-14,0.150420331899006,0.17839065258282513
2021-12-15,0.1489777830877209,0.18381936196539148
2021-12-16,0.145655477738274,0.17433852233927338
2021-12-17,0.1545822397798676,0.18522342711687148
2021-12-20,0.1543608939281103,0.19975833622809655
2021-12-21,0.1433225172474179,0.21263532425871756
2021-12-22,0.1497926765762572,0.200740635502534
2021-12-23,0.1482972426991791,0.18842099312872534
2021-12-27,0.136209262492069,0.17653464630788068
2021-12-28,0.1357010418488725,0.16744174877145587
2021-12-29,0.1337997683974434,0.1591448175148994
2021-12-30,0.1702248945701725,0.14902968661349764
2021-12-31,0.1867024925428447,0.14710562197348379
2022-01-03,0.1873117397425042,0.14476900080589547
2022-01-04,0.1922586480790738,0.1368856709700319
2022-01-05,0.1980306060519414,0.13026619665566896
2022-01-06,0.1995768407968627,0.17793255335466437
2022-01-07,0.1995020181969208,0.16895579447554596
2022-01-10,0.2028010203974833,0.16803952247836235
2022-01-11,0.2074816958843779,0.16071996495670668
2022-01-12,0.2151645217923494,0.15208030952588986
2022-01-13,0.2204566325182841,0.14293476273731445
2022-01-14,0.2201640006919089,0.1712755077416923
2022-01-18,0.2223216035695297,0.15989532173570198
2022-01-19,0.2196881711355739,0.1978294378371195
2022-01-20,0.2292863977536924,0.21024306265579443
2022-01-21,0.2195188169763275,0.22306104765441725
2022-01-24,0.2217503232640051,0.2579921858524283
2022-01-25,0.2263264980200114,0.2386608650123719
2022-01-26,0.2336107310400181,0.251218295029188
2022-01-27,0.2459866515499338,0.23847639314060165
2022-01-28,0.2294911168539322,0.23282559350897944
2022-01-31,0.2242762394940691,0.2203109814903727
2022-02-01,0.2338992870133028,0.2076628498007175
2022-02-02,0.2302170583869222,0.19404256699788466
2022-02-03,0.2173054580487793,0.18234731381521646
2022-02-04,0.2377023067391219,0.2350314687419762
2022-02-07,0.2381752448941444,0.21825030439212512
2022-02-08,0.2581483243680982,0.210632660623289
2022-02-09,0.2500336318740894,0.19702636446230967
2022-02-10,0.2466264375500521,0.1860470773093078
2022-02-11,0.2393655389511506,0.22099151109077808
2022-02-14,0.2546184709231341,0.2563433892168128
2022-02-15,0.2608183885470326,0.24488314790722188
2022-02-16,0.2652011673149219,0.22937059906868698
2022-02-17,0.25604391708709,0.21248504698881673
2022-02-18,0.2545773126990907,0.2538166654807269
2022-02-22,0.2528775925243336,0.2502765351019521
2022-02-23,0.2481775776774613,0.2576911767849604
2022-02-24,0.248193948840339,0.28269601533085237
2022-02-25,0.2379343875342706,0.26297258724119277
2022-02-28,0.2380358853930529,0.24675361885463054
2022-03-01,0.2309487589722325,0.23466605454836498
2022-03-02,0.2268011650695706,0.25568839878258315
2022-03-03,0.2343438768885798,0.23950294580760118
2022-03-04,0.2312834476872351,0.2338886657505291
2022-03-07,0.1976149556342351,0.23655443616514765
2022-03-08,0.2025037181997208,0.2991855552541374
2022-03-09,0.1903021009905288,0.29331321660282017
2022-03-10,0.1887442537261488,0.2747750649775857
2022-03-11,0.1808943779830569,0.26429681923895104
2022-03-14,0.1917288748912537,0.2751868916856578
2022-03-15,0.1793016391960024,0.27133472558213295
2022-03-16,0.166886853445714,0.2542025682167468
2022-03-17,0.1677858932553385,0.23892847088853247
2022-03-18,0.1626252680510135,0.22331579087133077
2022-03-21,0.1731813544120292,0.20897829712798743
2022-03-22,0.1677096383842646,0.195488200235478
2022-03-23,0.169927891130048,0.1840616796918073
2022-03-24,0.1849883693429751,0.20473015086989912
2022-03-25,0.1855152709549917,0.19308282903347523
2022-03-28,0.2041244209474053,0.18052309607465497
2022-03-29,0.1963593407263115,0.16960749887785975
2022-03-30,0.2232131495016303,0.16081193701647303
2022-03-31,0.2511311754566512,0.16620042591892534
2022-04-01,0.2526224256284082,0.19623193313264442
2022-04-04,0.2503090515198745,0.18299455460357547
2022-04-05,0.276560248111912,0.17215585793919813
2022-04-06,0.3005536427689398,0.19353287909634034
2022-04-07,0.2987993736294662,0.20538805623199435
2022-04-08,0.3149439408077096,0.19168949629441792
2022-04-11,0.3132045100739561,0.18549137447683883
2022-04-12,0.3156355702603255,0.2179038861243302
2022-04-13,0.3098525045127716,0.2115167084790169
2022-04-14,0.326067722063325,0.1984614240525495
2022-04-18,0.3255968718055562,0.21626152926185682
2022-04-19,0.3295755756273572,0.20059178805959635
2022-04-20,0.3540770173553716,0.18954386922965205
2022-04-21,0.3525689912058746,0.17904194441589288
2022-04-22,0.3433924812398967,0.20609459194086163
2022-04-25,0.3513350439938614,0.2673306666406391
2022-04-26,0.3386053508595168,0.24742860485790494
2022-04-27,0.3405688016159608,0.30668286351202295
2022-04-28,0.3355190025406078,0.28195822161833256
2022-04-29,0.3216553753478351,0.26426633286375495
2022-05-02,0.3216151574818,0.3465200130665424
2022-05-03,0.3222789445761428,0.31795021146585994
2022-05-04,0.3103594175371321,0.29234019822121327
2022-05-05,0.2881777292255858,0.2745319576180548
2022-05-06,0.2876362107925477,0.3503115959983863
2022-05-09,0.2620362256505568,0.3348005850610602
2022-05-10,0.2661189344625413,0.3899636808399354
2022-05-11,0.2745533760196128,0.3557637569725255
2022-05-12,0.2951912707171344,0.36389222932400955
2022-05-13,0.3106325505165873,0.33551515363455287
2022-05-16,0.3106268867553695,0.31169859894431906
2022-05-17,0.3050649271369128,0.29609434232648474
2022-05-18,0.2938213693788872,0.2759858421597522
2022-05-19,0.2942414487034036,0.3672245511149894
2022-05-20,0.3102634395224547,0.35022398155347395
2022-05-23,0.3009371130563727,0.32033531452082925
2022-05-24,0.3034725373387237,0.29726027747311273
2022-05-25,0.3237624060856567,0.29178457642985706
2022-05-26,0.3146588625464805,0.26989525411351406
2022-05-27,0.3054061812098698,0.2525431332069142
2022-05-31,0.305572193366127,0.23798021655998897
2022-06-01,0.305578866352199,0.23404768716539476
2022-06-02,0.2986938646565656,0.23661548691716142
2022-06-03,0.2958338701907337,0.22256493224532756
2022-06-06,0.2959317651799548,0.248346200549341
2022-06-07,0.2995924121030102,0.2299467895198427
2022-06-08,0.2982377832560385,0.21468523909059703
2022-06-09,0.2894413770517949,0.22647935747242975
2022-06-10,0.2722818166535239,0.2730521565092199
2022-06-13,0.2339504428933471,0.3283546300252688
2022-06-14,0.2338352552917704,0.4025230412529809
2022-06-15,0.2380356738841419,0.37420667350551023
2022-06-16,0.203605808642881,0.34421473898447547
2022-06-17,0.2212552717413764,0.4010475569191556
2022-06-21,0.2068210283073571,0.36568281581724393
2022-06-22,0.2078147806807093,0.3387660880714932
2022-06-23,0.2107922294711529,0.3150684038982751
2022-06-24,0.1806041676919036,0.29085215346817855
2022-06-27,0.1854958675525542,0.2736140639840698
2022-06-28,0.1889162133383592,0.26166173661495207
2022-06-29,0.1915858086038856,0.2936814345549391
2022-06-30,0.190516200623619,0.27268114455808096
2022-07-01,0.1907880586490631,0.27113137919664626
2022-07-05,0.1942361248397406,0.25179656225856417
2022-07-06,0.1990335145546614,0.23277953770665857
2022-07-07,0.1953006775765454,0.2159639899210973
2022-07-08,0.1955584435405613,0.2031840480860532
2022-07-11,0.1886589280761722,0.19143292806426998
2022-07-12,0.1851168711089145,0.20731752326995131
2022-07-13,0.1910951022274536,0.21468794746691294
2022-07-14,0.1900063146755545,0.21230530201896267
2022-07-15,0.1881122745983471,0.20340018608114963
2022-07-18,0.1813699338405003,0.1927361103878079
2022-07-19,0.1640406664308221,0.20015569461003194
2022-07-20,0.1689839543817634,0.19143359323099224
2022-07-21,0.1673793233759027,0.17934763180201566
2022-07-22,0.1722570354871137,0.16917708057139097
2022-07-25,0.1927482897216776,0.1817962071227123
2022-07-26,0.1863832094923189,0.1696314023341293
2022-07-27,0.1655746912163266,0.18912764464749768
2022-07-28,0.1670194688597183,0.18116560422043299
2022-07-29,0.2033969938868307,0.17130339319076665
2022-08-01,0.2043256347456297,0.16281166129588193
2022-08-02,0.2065276730680469,0.16006140474263061
2022-08-03,0.1977825917931832,0.16663738366490974
2022-08-04,0.1986781113005565,0.15878408807798516
2022-08-05,0.2008859967078893,0.15101526798517279
2022-08-08,0.2008462172238881,0.14634853242966875
2022-08-09,0.2135837800562232,0.1408604445546019
2022-08-10,0.199199366991275,0.14267850413612632
2022-08-11,0.2089314410190276,0.13812161535489687
2022-08-12,0.2028392093284149,0.13065959261249663
2022-08-15,0.2511728880072723,0.12641375198474608
2022-08-16,0.251874874290014,0.1198274676454435
2022-08-17,0.2529812560203145,0.1133649448985457
2022-08-18,0.2516704258220746,0.12596284192311338
2022-08-19,0.2534229716009033,0.11920147556185381
2022-08-22,0.2470857229825752,0.14961923990054352
2022-08-23,0.2520575236835102,0.19899952704955795
2022-08-24,0.2508944466410119,0.19149320130820766
2022-08-25,0.2440342398428281,0.1788368584050542
2022-08-26,0.2210554951262323,0.16952044982293915
2022-08-29,0.2211607230139454,0.2617663182531679
2022-08-30,0.2360091101994851,0.2576811822752994
2022-08-31,0.2439318388437245,0.2649306315637437
2022-09-01,0.2456423358566141,0.26297152143776975
2022-09-02,0.2680179531578542,0.24306633894242108
2022-09-06,0.2934325892772684,0.2508667897601485
2022-09-07,0.2844673604165773,0.2412471688328931
2022-09-08,0.2837100559468383,0.2265496025759758
2022-09-09,0.2878373583544865,0.21110050538213296
2022-09-12,0.28145095188156,0.19897265642896692
2022-09-13,0.2430152760383823,0.18709053558400005
2022-09-14,0.2410908169673373,0.31245619062030394
2022-09-15,0.2632451009747071,0.28745679237587124
2022-09-16,0.2723786820677143,0.29227654850684265
2022-09-19,0.2889471729389989,0.28741680737483055
2022-09-20,0.2914575011302637,0.2659929967041007
2022-09-21,0.2862084998214667,0.2735745078200145
2022-09-22,0.2862037108440096,0.29576997690285844
2022-09-23,0.2931814758332443,0.29239461007231615
2022-09-26,0.2928848182455882,0.31045552085770706
2022-09-27,0.2963829286500482,0.30904367959881873
2022-09-28,0.2917985336469198,0.2904580907909022
2022-09-29,0.2807367354247956,0.2710994234476353
2022-09-30,0.2819750926776597,0.3029377875243396
2022-10-03,0.2724651660741641,0.31635174178917436
2022-10-04,0.2524762758879564,0.2955265205148059
2022-10-05,0.2690960404419969,0.2778715744778474
2022-10-06,0.2690864900710285,0.2621484280295843
2022-10-07,0.2522518197723638,0.2672254657931182
2022-10-10,0.2510412742856969,0.3197909269432976
2022-10-11,0.2488786644571249,0.3119085384687172
2022-10-12,0.2624197889609202,0.3018189823750282
2022-10-13,0.3091478665775836,0.2857540407228027
2022-10-14,0.2928672136606387,0.268250198142512
2022-10-17,0.2868915695926425,0.3057769833826645
2022-10-18,0.2859392468442328,0.28597033579157716
2022-10-19,0.286216197287981,0.26553370775337876
2022-10-20,0.283871923539127,0.2623161312576386
2022-10-21,0.273713921552647,0.26260212281442696
2022-10-24,0.2723072808031062,0.24710975026557325
2022-10-25,0.27077995125413,0.23080729569668132
2022-10-26,0.2688092906673504,0.21691797692388126
2022-10-27,0.267408662369421,0.21994985198720782
2022-10-28,0.2637595427159242,0.21731421184509742
2022-10-31,0.2622254023304119,0.20639484193810523
2022-11-01,0.2816912267559254,0.20976221595308694
2022-11-02,0.2616693736610611,0.2058599314230853
2022-11-03,0.2568993869151291,0.25930179583988716
2022-11-04,0.266337704762122,0.2646636623501624
2022-11-07,0.2721342446199988,0.24700579515101856
2022-11-08,0.2720575166934141,0.23022100089595907
2022-11-09,0.2596901229226585,0.21431744877992046
2022-11-10,0.1800102667817532,0.25283997761184807
2022-11-11,0.184115560410271,0.24455638990320497
2022-11-14,0.1830018998112545,0.2280108884558498
2022-11-15,0.1824036232088358,0.23232682057269702
2022-11-16,0.2012113121668894,0.2168039167704951
2022-11-17,0.2049570229328366,0.2201403068355955
2022-11-18,0.2053657535892434,0.2121318405838325
2022-11-21,0.205550529777889,0.19784735941868195
2022-11-22,0.2070343416413292,0.1934160448309962
2022-11-23,0.2096860497744752,0.18267669030025446
2022-11-25,0.2116181866727097,0.1715434812152219
2022-11-28,0.2053830525078412,0.16164003826047932
2022-11-29,0.2089772931825139,0.19376678548328083
2022-11-30,0.1850918130279703,0.185249243532198
2022-12-01,0.1849287120654999,0.1788671828017189
2022-12-02,0.1848581449559156,0.16950138994898692
2022-12-05,0.1796041914440896,0.1619748270525829
2022-12-06,0.1770525479918469,0.20007466454549624
2022-12-07,0.1969610092252993,0.2229568747365197
2022-12-08,0.1945514681953881,0.21157790316770247
2022-12-09,0.1947711962790987,0.19802917097802133
2022-12-12,0.1931477642981718,0.20296427658614077
2022-12-13,0.1915615194727477,0.19150238219621937
2022-12-14,0.1907551058605769,0.179836088718727
2022-12-15,0.1669656903627097,0.18392879912865007
2022-12-16,0.1717271504387477,0.2388295025268831
2022-12-19,0.1708842309357257,0.2503601769549633
2022-12-20,0.1816400831761268,0.2522709642930532
2022-12-21,0.1791798427269396,0.23345718416736813
2022-12-22,0.1691734601146384,0.21910368951973852
2022-12-23,0.1688814384161039,0.23931083282443139
2022-12-27,0.1699191497306219,0.22263884286717267
2022-12-28,0.1598634409300302,0.21651975868866785
2022-12-29,0.1607266112368658,0.2321371801414318
2022-12-30,0.1654370899273591,0.21849908921438158
2023-01-03,0.1651491221507411,0.20973045109974206
2023-01-04,0.1689676624085972,0.20552787949196266
2023-01-05,0.1680172732774664,0.1925531825638851
2023-01-06,0.1566632855188443,0.20816875967670911
2023-01-09,0.1602364225382114,0.19785453276706233
2023-01-10,0.1674546701044898,0.18634648948047985
2023-01-11,0.1675263806776176,0.17506842696337427
2023-01-12,0.1673639789809047,0.16593432206171765
2023-01-13,0.1711528267521251,0.15589018651631803
2023-01-17,0.1708388448740319,0.146787556811937
2023-01-18,0.1574501210941956,0.14290186259176887
2023-01-19,0.1645884061569525,0.17693809186323456
2023-01-20,0.1540547794452411,0.18353555819915612
2023-01-23,0.1667804004471742,0.17473031127695005
2023-01-24,0.1668052928530871,0.16549230421949662
2023-01-25,0.1679479331760544,0.1581844039482833
2023-01-26,0.1669208800836064,0.14824740592442148
2023-01-27,0.1672598455092319,0.14121152057820946
2023-01-30,0.1619404237341383,0.13312068958351772
2023-01-31,0.1519985628764673,0.15873554713245702
2023-02-01,0.1493393899499604,0.1514674229960127
2023-02-02,0.1514937039587454,0.14407895073920937
2023-02-03,0.1477131378402502,0.13813583031557353
2023-02-06,0.1555302749528412,0.15767800403908014
2023-02-07,0.146522217743215,0.16323538882943406
2023-02-08,0.1549895294474103,0.15527778799109526
2023-02-09,0.1594609980956589,0.1737385895850696
2023-02-10,0.1584522982267554,0.18420238771285183
2023-02-13,0.1649519415641196,0.1722533601346844
2023-02-14,0.1652314831456673,0.16320608295626288
2023-02-15,0.1792628342358671,0.15471189105995453
2023-02-16,0.1775965109691225,0.14564192007546997
2023-02-17,0.1823410760275579,0.17319732130773033
2023-02-21,0.1750601911429423,0.16851394468529704
2023-02-22,0.1855970956974952,0.21183102532778658
2023-02-23,0.1847216767828862,0.20082667262467382
2023-02-24,0.1825016980641937,0.18787916683947004
2023-02-27,0.1822162833427837,0.20206521668392644
2023-02-28,0.1818933101737509,0.18864688592063839
2023-03-01,0.1880898689270761,0.18531432496052455
2023-03-02,0.1873047403104213,0.18263145598316888
2023-03-03,0.1853867147395009,0.1718798296131444
2023-03-06,0.1856848375693786,0.16370997066453336
2023-03-07,0.1772045182751559,0.1533681290724721
2023-03-08,0.177798250973224,0.18444253717084305
2023-03-09,0.1616203679479726,0.1723803901856741
2023-03-10,0.1489462551023058,0.21014208532047376
2023-03-13,0.1483730394804919,0.23176293753236676
2023-03-14,0.1419894642487384,0.21891239136919965
2023-03-15,0.1433337786865184,0.20633794514966644
2023-03-16,0.1343025702146906,0.20740872144161726
2023-03-17,0.1237573002775649,0.19614621312041722
2023-03-20,0.1214870371235985,0.21205439484573296
2023-03-21,0.1152164847043748,0.19885364001880387
2023-03-22,0.0952762086693485,0.18758530490889025
2023-03-23,0.0954562353052296,0.21919693368164145
2023-03-24,0.0942525233395129,0.2040187805886046
2023-03-27,0.114066764920669,0.19103321644310867
2023-03-28,0.1150819885374489,0.17841239070469786
2023-03-29,0.1243536333072865,0.1726492482459816
2023-03-30,0.1259728536245759,0.16411686566314107
2023-03-31,0.1171718564756866,0.15471553027833093
2023-04-03,0.1240072790324202,0.1477412411874743
2023-04-04,0.1248792653185621,0.1394020206581147
2023-04-05,0.1270864270041782,0.1452691411567612
2023-04-06,0.1427956798891612,0.1434251650494882
2023-04-10,0.1427782832430668,0.13548081740566217
2023-04-11,0.1437830238214395,0.12767164025459676
2023-04-12,0.1437205843437125,0.12060765865723638
2023-04-13,0.1359059896527549,0.12450324321049525
2023-04-14,0.1357127177652587,0.12000122074979205
2023-04-17,0.1356640213970449,0.11994819703832421
2023-04-18,0.1376137334883675,0.11391763601656923
2023-04-19,0.144653661662605,0.1078155456670179
2023-04-20,0.146777661964696,0.10337271148784943
2023-04-21,0.1470132065153811,0.11239549130851273
2023-04-24,0.1470150731948082,0.10643729054573055
2023-04-25,0.1407115792341679,0.1009891183545691
2023-04-26,0.1425983109190199,0.14183117745229434
2023-04-27,0.1277800872395159,0.14422655403750806
2023-04-28,0.1323697402543959,0.13920892795087714
2023-05-01,0.1322527844350965,0.132486807041834
2023-05-02,0.1268836145325248,0.12800007564782873
2023-05-03,0.1269344620879421,0.15037301593366914
2023-05-04,0.1300912762387253,0.15856305282883468
2023-05-05,0.1170825767591001,0.16649761374854588
2023-05-08,0.1169635807620659,0.15920004466376364
2023-05-09,0.1163524048078224,0.14943779379746588
2023-05-10,0.1168888557705591,0.15151611204514007
2023-05-11,0.1160836766134957,0.14301169379107206
2023-05-12,0.1178320460164303,0.13933278475083913
2023-05-15,0.1186394125570211,0.13495944020431405
2023-05-16,0.1134608667730396,0.12767280081925544
2023-05-17,0.113729642821363,0.13760373954256272
2023-05-18,0.1133944005442261,0.13168197154571282
2023-05-19,0.1158975683999903,0.1258037361118715
2023-05-22,0.1187680753752054,0.12293278756211957
2023-05-23,0.107800894693386,0.1161034859563939
2023-05-24,0.1082007708671522,0.13983446502058056
2023-05-25,0.1085491719823983,0.15004162990325354
2023-05-26,0.1061800446070824,0.14239117797074685
2023-05-30,0.1061548788908219,0.13619570916182397
2023-05-31,0.1023760625267499,0.1282520641435487
2023-06-01,0.1047032254313449,0.13519597420588816
2023-06-02,0.0952091646746099,0.12898781693881964
2023-06-05,0.0949861971282112,0.12422834516025495
2023-06-06,0.101253863182364,0.122577961575072
2023-06-07,0.1006952018498991,0.11609790293545427
2023-06-08,0.0993979280417607,0.11889033063822592
2023-06-09,0.1009416199313852,0.11341638523452949
2023-06-12,0.1000119469669973,0.10761477612356445
2023-06-13,0.1010034131897277,0.10360644782501847
2023-06-14,0.101315384773717,0.09945284851018726
2023-06-15,0.0933958826734022,0.09462540450999694
2023-06-16,0.0943394347973444,0.09231566580343376
2023-06-20,0.090804130323393,0.0969833945611848
2023-06-21,0.0925366951701361,0.10587301930592204
2023-06-22,0.0925635127647374,0.1137894710525204
2023-06-23,0.0860696385847467,0.10828599614206295
2023-06-26,0.082615907830456,0.12247756798595681
2023-06-27,0.0770978518586602,0.12626777230572395
2023-06-28,0.083099061857504,0.12107960369903788
2023-06-29,0.0875080627052758,0.11442572518423572
2023-06-30,0.0797760531839892,0.10893286157556548
2023-07-03,0.0813414794701788,0.10531932272261275
2023-07-05,0.0977449506611848,0.10004118350646408
2023-07-06,0.0933987407739432,0.09937695242448663
2023-07-07,0.0946751226773445,0.11523788509168854
2023-07-10,0.0985018833061341,0.11582816103455328
2023-07-11,0.0984706176741828,0.10997112845021995
2023-07-12,0.0978435248655796,0.10527196352770127
2023-07-13,0.0932862235698407,0.10124962985040485
2023-07-14,0.0932851131317533,0.09752562706391174
2023-07-17,0.0946777274081783,0.09501251987598144
2023-07-18,0.0982928618713549,0.09094821447968002
2023-07-19,0.0996704859886824,0.08791702077702479
2023-07-20,0.1003795675777737,0.08414649068805899
2023-07-21,0.1005077551416766,0.0982133661641547
2023-07-24,0.1024126100159175,0.09420716085391362
2023-07-25,0.1011324049661451,0.09038351729449956
2023-07-26,0.1110680505579337,0.0865302706876344
2023-07-27,0.1184396607329576,0.08304904272787565
2023-07-28,0.1152919423634697,0.09719897502108328
2023-07-31,0.1182489125857261,0.0941171499253856
2023-08-01,0.1310394081067227,0.08983505639427158
2023-08-02,0.1223249813759854,0.09335111424966795
2023-08-03,0.1219740327602609,0.12872640968020274
2023-08-04,0.1208121103308595,0.12896632023599272
2023-08-07,0.1178927756606419,0.13325667693310955
2023-08-08,0.1193151987710348,0.127052760801407
2023-08-09,0.1174021132086642,0.13108609065851826
2023-08-10,0.1175320763809902,0.14068247031606904
2023-08-11,0.1198068134538242,0.13238741267476314
2023-08-14,0.1198505450532629,0.1269540500787962
2023-08-15,0.1119470581946079,0.12071884185563178
2023-08-16,0.1115766992882433,0.145047683487199
2023-08-17,0.1172676914042099,0.15494947771134496
2023-08-18,0.1172623446036186,0.16459183031446561
2023-08-21,0.1158669348100927,0.15419819126556863
2023-08-22,0.1205292475910633,0.14579614528327617
2023-08-23,0.1274541353150056,0.14416199792887865
2023-08-24,0.1183061345888497,0.137475283953032
2023-08-25,0.1163066960265984,0.16614298675978012
2023-08-28,0.1233211156830595,0.15677147048917392
2023-08-29,0.1081446658133099,0.14812309634831766
2023-08-30,0.109643713092837,0.14166864409478008
2023-08-31,0.1095901598416026,0.13395220444635494
2023-09-01,0.1087055880177632,0.13044380320418683
2023-09-05,0.1153451764426156,0.12329163274284158
2023-09-06,0.1199312452209504,0.1275898770453618
2023-09-07,0.1200823371028957,0.13759260734665466
2023-09-08,0.1294548283570481,0.1375627493425805
2023-09-11,0.129310474304603,0.1297457691029982
2023-09-12,0.1306600089899241,0.12347336671681504
2023-09-13,0.1317466124936924,0.1306747851419004
2023-09-14,0.1278700026892156,0.12337451023516703
2023-09-15,0.1225681262203968,0.11799736235132735
2023-09-18,0.1294687788663416,0.14376644221143847
2023-09-19,0.129416984832007,0.135260671351327
2023-09-20,0.1338213535397488,0.13305916784253946
2023-09-21,0.1241697868226367,0.14904317388011673
2023-09-22,0.1309789742482337,0.18409711418297622
2023-09-25,0.1294913027326812,0.17785259036279813
2023-09-26,0.1228734889930283,0.16692219551124718
2023-09-27,0.1327284005175621,0.19428448132192885
2023-09-28,0.135687829203002,0.18116974135220854
2023-09-29,0.1360044732350655,0.1702187985904403
2023-10-02,0.1446433137702516,0.16570064597094977
2023-10-03,0.1396512080192957,0.1569312457850819
2023-10-04,0.1425666164887356,0.18177858479065961
2023-10-05,0.158036421055829,0.17103911590621698
2023-10-06,0.155787462724252,0.16174253117882934
2023-10-09,0.1544444830292327,0.15365266000648356
2023-10-10,0.1536994570655795,0.14531380973891236
2023-10-11,0.1530553398439322,0.13749188735275858
2023-10-12,0.1540969100871417,0.13014230841930158
2023-10-13,0.1621905774205579,0.13824352177913685
2023-10-16,0.1584136943968208,0.14278539375998783
2023-10-17,0.1717667106573267,0.13612805578056847
2023-10-18,0.1625565338445677,0.12915794640678377
2023-10-19,0.1573359864755406,0.15720943820716862
2023-10-20,0.1471213059459304,0.16957409713732607
2023-10-23,0.1465571820925582,0.18990610105659392
2023-10-24,0.1473959683306464,0.1819321928773164
2023-10-25,0.131476772052575,0.17123731295774075
2023-10-26,0.1175448908186036,0.19703383770001243
2023-10-27,0.1149902673825828,0.21346253387745923
2023-10-30,0.1129070345920944,0.20970370435391616
2023-10-31,0.1141839826846601,0.19716717519153734
2023-11-01,0.1116249142774508,0.18483629928135833
2023-11-02,0.096754244422408,0.174436338189105
2023-11-03,0.0985424437506041,0.1665018220770949
2023-11-06,0.0989967276449299,0.1575088303004426
2023-11-07,0.1015176911639969,0.14811316079731335
2023-11-08,0.103292827052313,0.13963397229376118
2023-11-09,0.096175907577117,0.1315093212370979
2023-11-10,0.0841910116158128,0.14388537467420992
2023-11-13,0.0835764114085906,0.13803844379952815
2023-11-14,0.0703059708603617,0.13298104984409936
2023-11-15,0.070360129475472,0.1288040424597411
2023-11-16,0.0717340788142467,0.12182999242661127
2023-11-17,0.0725666991068321,0.11527401287124293
2023-11-20,0.0712614293315049,0.10925073514130094
2023-11-21,0.0908886556008719,0.10486048126259377
2023-11-22,0.0946226691103473,0.10543989047454581
2023-11-24,0.0944601874504433,0.10065122868531433
2023-11-27,0.0935069463748913,0.09565550454370761
2023-11-28,0.0933792802381264,0.09606667092629126
2023-11-29,0.0929621616287692,0.09148377729581193
2023-11-30,0.0947834341787405,0.08960738492907605
2023-12-01,0.0976415453482916,0.08602375021709088
2023-12-04,0.1009043883852325,0.08307088009532776
2023-12-05,0.1021492876586647,0.09334713140803537
2023-12-06,0.1001442517722367,0.09016532382030203
2023-12-07,0.1077719188478321,0.09659316557621583
2023-12-08,0.1080761170977914,0.09315707049518025
2023-12-11,0.1087318189010788,0.08938263861609456
2023-12-12,0.108470557316435,0.08581334367061925
2023-12-13,0.0984445544075165,0.0826252689885498
2023-12-14,0.0992936100582371,0.08145998506288604
2023-12-15,0.1013818239430542,0.07833740417736548
2023-12-18,0.1042427823029631,0.07970555902204048
2023-12-19,0.1109427886924536,0.07716158346504856
2023-12-20,0.0963109339162996,0.07488839069374077
2023-12-21,0.0919515904804336,0.11355836248216569
2023-12-22,0.0919115765583753,0.10924379654557873
2023-12-26,0.0925320824347296,0.10380132467750505
2023-12-27,0.0929458816046052,0.0992200119576434
2023-12-28,0.0959145686262539,0.09454012164481435
2023-12-29,0.0949112192070911,0.08996085053686174
2024-01-02,0.1120986325002014,0.09350324581336997
2024-01-03,0.114090024097454,0.10369388257368076
2024-01-04,0.1159063937705309,0.11988257880593577
2024-01-05,0.1180844727263705,0.12171980302678624
2024-01-08,0.1098787821405357,0.11519348157476357
2024-01-09,0.1112308189242354,0.1116176759663034
2024-01-10,0.1108097687659358,0.11008356200478193
2024-01-11,0.111012699288215,0.1052864561560739
2024-01-12,0.1113350594774127,0.10176271586694788
2024-01-16,0.1239772125696362,0.09671495912441563
2024-01-17,0.1230260922138154,0.10164331376718903
2024-01-18,0.121910961911004,0.11097550543809172
2024-01-19,0.1189938841213969,0.10670647610081588
2024-01-22,0.121729928149883,0.10345162238608324
2024-01-23,0.1215984182711898,0.0985199071001722
2024-01-24,0.139425016067981,0.09411672791100167
2024-01-25,0.1389974104416732,0.08971371096677959
2024-01-26,0.1400007711747549,0.08643381338488455
2024-01-29,0.1381876334230347,0.08630447554950316
2024-01-30,0.1383247060420153,0.08374246227479638
2024-01-31,0.120949593051774,0.08263527645861075
2024-02-01,0.1173980073357639,0.1282749146050928
2024-02-02,0.1139190919558615,0.12345788210441042
2024-02-05,0.12006091137998,0.11853415015746123
2024-02-06,0.1206450740619532,0.12150316784178883
2024-02-07,0.1219307774918807,0.11525673521383951
2024-02-08,0.1249013812834777,0.11056084485273676
2024-02-09,0.1239906723983084,0.10475579591492648
2024-02-12,0.1285034232961757,0.10040742146227945
2024-02-13,0.1157054304301791,0.09726811213994457
2024-02-14,0.1136112416988569,0.13115356207617573
2024-02-15,0.1156488609998728,0.12528739081839602
2024-02-16,0.1147256385647944,0.11949053788115045
2024-02-20,0.112478571237119,0.12571969842931574
2024-02-21,0.1152074300943819,0.13270324473639267
2024-02-22,0.0936442404160421,0.1251877444129096
2024-02-23,0.0944187719504438,0.12206896054696527
2024-02-26,0.0938217609232416,0.11537077257998586
2024-02-27,0.0945532979684703,0.11869804354431732
2024-02-28,0.0971909221863904,0.1125138482811402
2024-02-29,0.0971933351513956,0.11047353436723996
2024-03-01,0.0933821840725351,0.10527689519022619
2024-03-04,0.0968212515088275,0.10156132571535971
2024-03-05,0.0879579684234947,0.09981562156057344
2024-03-06,0.0990863612111023,0.12163891055933136
2024-03-07,0.0997491712117629,0.11580733945683327
2024-03-08,0.0967284933351865,0.11135445480003225
2024-03-11,0.0965245586612887,0.12096298097945758
2024-03-12,0.096803670007458,0.11715618629535375
2024-03-13,0.1002901810842671,0.11274729146271913
2024-03-14,0.1121845897189569,0.11126440017444507
2024-03-15,0.1183428184476703,0.11087453196782335
2024-03-18,0.1159078402641851,0.1227924525856992
2024-03-19,0.1145764578988618,0.11702864930524384
2024-03-20,0.1073766820127443,0.11166564280226797
2024-03-21,0.1079367087127545,0.10741318464656927
2024-03-22,0.115828368204672,0.10240278894620901
2024-03-25,0.1258295277671448,0.10254071419986906
2024-03-26,0.1258557451905373,0.10475746477267006
2024-03-27,0.1207564480073449,0.10459192781352203
2024-03-28,0.1272350781553097,0.10073512992980485
2024-04-01,0.1284400313091159,0.09702426579584483
2024-04-02,0.13776734480659,0.0972162162902977
2024-04-03,0.1374808688843635,0.10908471044286522
2024-04-04,0.1371551557134064,0.10355120007447835
2024-04-05,0.1393905863185003,0.13149139287666528
2024-04-08,0.1447122525167534,0.12581001847813586
2024-04-09,0.1447057212270261,0.11882863996077883
2024-04-10,0.1399460379156401,0.1125313397939814
2024-04-11,0.1388699124984614,0.13290341690138102
2024-04-12,0.1284810385198864,0.1265736969373036
2024-04-15,0.1181718648592572,0.15628463600807413
2024-04-16,0.1178917220424262,0.17874391054773042
2024-04-17,0.1195300555450376,0.1720326070482463
2024-04-18,0.1195298863724826,0.17566139678849566
2024-04-19,0.1116170535203071,0.16979467066411874
2024-04-22,0.1096842150790996,0.18065917973829063
2024-04-23,0.1045813223833261,0.17040402303171912
2024-04-24,0.1058259656152217,0.16156693741045772
2024-04-25,0.1092343378838992,0.15340707722982555
2024-04-26,0.1071843577826654,0.15368608315140658
2024-04-29,0.1071329349839802,0.14592580211517972
2024-04-30,0.0908134906220176,0.13779509600618958
2024-05-01,0.0943321594106749,0.17197743495590578
2024-05-02,0.094092172765019,0.16923460593062375
2024-05-03,0.0861509000837047,0.16006727482157965
2024-05-06,0.0798056722186978,0.15226099533120602
2024-05-07,0.0883564101716033,0.14477892564968722
2024-05-08,0.088384614039396,0.13632459750577366
2024-05-09,0.0875686200588256,0.12909000361408224
2024-05-10,0.0877938232615582,0.12277854590575218
2024-05-13,0.0877287068073728,0.11619516673049254
2024-05-14,0.0902899722882121,0.11052408302505545
2024-05-15,0.0811797732679983,0.10549983062130983
2024-05-16,0.0803148002569114,0.10231935062385973
2024-05-17,0.0836792277977795,0.10283952537387213
2024-05-20,0.0837166326051559,0.09785444388401232
2024-05-21,0.085109815708421,0.09319329113424482
2024-05-22,0.0842400548217799,0.08910729319524452
2024-05-23,0.0796745437162546,0.09268431377637443
2024-05-24,0.0780288351717412,0.10759343570942036
2024-05-28,0.0779696504812111,0.10316048454268094
2024-05-29,0.070980352257792,0.09802209320552492
2024-05-30,0.0671141829984893,0.11155906669167293
2024-05-31,0.0620011860822398,0.12278895299975863
2024-06-03,0.064202349990517,0.11757623884326605
2024-06-04,0.0645942937260112,0.11132499286160569
2024-06-05,0.0557192616458347,0.10562535946219605
2024-06-06,0.0553113213828531,0.10229057974003505
2024-06-07,0.0541285327762137,0.09807119023320837
2024-06-10,0.0605924881362332,0.09694403705620269
2024-06-11,0.0724033514767116,0.09270225037336145
2024-06-12,0.0705309460860166,0.08865352038820899
2024-06-13,0.0706010846901184,0.08595869029403395
2024-06-14,0.0718243705710579,0.0823303404098364
2024-06-17,0.0889244473041621,0.07870874060367308
2024-06-18,0.0939571990540774,0.07669637582701834
2024-06-20,0.0967717427003794,0.073811540948364
2024-06-21,0.1026728854117135,0.0781904320446414
2024-06-24,0.1019346727553406,0.07885601446989934
2024-06-25,0.1319243855852229,0.0841997229831777
2024-06-26,0.1328935091849308,0.08102310431174914
2024-06-27,0.1392066194870639,0.07760529737451373
2024-06-28,0.1385082161300318,0.07448250478039939
2024-07-01,0.1394499955431207,0.08195712834701116
2024-07-02,0.1493845106025502,0.07861230531726009
2024-07-03,0.1568424225847683,0.07635998675970784
2024-07-05,0.1671633463770945,0.07384287904042809
2024-07-08,0.1930239029008651,0.07174694904331716
2024-07-09,0.1977056434717637,0.06893999314190964
2024-07-10,0.1919490106415462,0.06628550132403076
2024-07-11,0.2131253725804912,0.06554764104597491
2024-07-12,0.2122108254079754,0.08763340123580954
2024-07-15,0.2116322446180379,0.08467592294802011
2024-07-16,0.2202134251326046,0.0812632686936978
2024-07-17,0.2161663273820956,0.07869625598079734
2024-07-18,0.223941804506685,0.11698441203717728
2024-07-19,0.2226349373403607,0.13049973363757292
2024-07-22,0.2222182725156385,0.13991635621445206
2024-07-23,0.2222252662585199,0.13355059344385897
2024-07-24,0.2044526670866699,0.1302620716829081
2024-07-25,0.205868080208647,0.18867498562344612
2024-07-26,0.2055295597532323,0.18883806306221396
2024-07-29,0.2059942769189074,0.1781541034992858
2024-07-30,0.204549828547784,0.16643595550848464
2024-07-31,0.1988833550056209,0.16848543861053009
2024-08-01,0.1909534077490599,0.16071274405150493
2024-08-02,0.1771985971524611,0.1872730557917439
2024-08-05,0.1576207519298515,0.22328715920085573
2024-08-06,0.1570537587503752,0.2861551702736664
2024-08-07,0.1543752141926248,0.2651663683027131
2024-08-08,0.1507815119300472,0.26096922334150296
2024-08-09,0.1546947286248643,0.24539175535200008
2024-08-12,0.1550536402930225,0.2278113078114669
2024-08-13,0.148667507569524,0.2112972669894095
2024-08-14,0.150759758585482,0.19943600158584887
2024-08-15,0.1400013662336476,0.18620401845664597
2024-08-16,0.1399235608621939,0.1768975247779139
2024-08-19,0.1360488433619326,0.1656137955622149
2024-08-20,0.1363853126609102,0.15676520002508998
2024-08-21,0.1484425316359997,0.15154272286437903
2024-08-22,0.1451793634452872,0.14277948974457344
2024-08-23,0.1410558162742118,0.15420613621778514
2024-08-26,0.1407027476174198,0.14658703146140378
2024-08-27,0.1411777676745991,0.1440687266282946
2024-08-28,0.1392541080989371,0.13557652383950752
2024-08-29,0.1395522909757089,0.14245276107992033
2024-08-30,0.1366071840107588,0.13457302629291282
2024-09-03,0.1165474474681279,0.1284686296542177
2024-09-04,0.1158411048421153,0.17989058873621602
2024-09-05,0.1155705100737908,0.17352473423351303
2024-09-06,0.0945583360762207,0.16865886155343315
2024-09-09,0.0988620629147387,0.2019029017730821
2024-09-10,0.1019938823609478,0.18995075769095243
2024-09-11,0.0992452351458873,0.17787329530625656
2024-09-12,0.0973153304806168,0.16803517489275227
2024-09-13,0.0977208409084241,0.15876167477742356
2024-09-16,0.1003568876473219,0.14973179561799016
2024-09-17,0.1061728477972341,0.14080517545849303
2024-09-18,0.1051505339171971,0.13245460885495375
2024-09-19,0.0891967134964916,0.1325959684890533
2024-09-20,0.0890112971721596,0.12812777296590946
2024-09-23,0.0895572660948822,0.12571334165563883
2024-09-24,0.0895386130220113,0.11903680150309054
2024-09-25,0.0960749471992279,0.11297466110854738
2024-09-26,0.0954751994642616,0.11297065508091102
2024-09-27,0.095240050245408,0.10760556943623005
2024-09-30,0.094869807639033,0.10624092492183057
2024-10-01,0.0878280062736073,0.10141709116370187
2024-10-02,0.0890501384313907,0.12022560653085707
2024-10-03,0.1154668160605006,0.11361199645927432
2024-10-04,0.1116970183595452,0.11265732134999515
2024-10-07,0.1069734664602011,0.10830284864694345
2024-10-08,0.1103057720206185,0.1265582745651343
2024-10-09,0.1385138128121462,0.1211169857540733
2024-10-10,0.1399091270940748,0.11565247287491526
2024-10-11,0.1393573263033109,0.11435024955045074
2024-10-14,0.1371851520901594,0.10926348361804658
2024-10-15,0.1340701557785656,0.10500522815266382
2024-10-16,0.1336684977880446,0.12006054664817796
2024-10-17,0.1364171925069168,0.11419494806283866
2024-10-18,0.1443879369404037,0.10874480063506031
2024-10-21,0.1449031918531375,0.10370513739044311
2024-10-22,0.1453114592202481,0.10312946627896154
2024-10-23,0.1406737428455529,0.09998281111467786
2024-10-24,0.141456461072863,0.11943923669888147
2024-10-25,0.1414752437800086,0.11321575037646057
2024-10-28,0.1415265640668096,0.10882928446278388
2024-10-29,0.142166302841185,0.1036389438242205
2024-10-30,0.1421683649096997,0.09857883153042121
2024-10-31,0.1182082702266674,0.10177269482827946
2024-11-01,0.1181632943036269,0.15539282178308256
2024-11-04,0.117074058449985,0.14644192804325437
2024-11-05,0.1128067630276007,0.14341439048288307
2024-11-06,0.0782452869602409,0.1370026016463139
2024-11-07,0.0745761891730058,0.1335934418786987
2024-11-08,0.0765688797340999,0.12719897416342207
2024-11-11,0.0776311680103063,0.12070971892239939
2024-11-12,0.080689622314837,0.11415263122458441
2024-11-13,0.0834978880301918,0.11626286863120713
2024-11-14,0.0793475142759046,0.11000840077890574
2024-11-15,0.0610328152981488,0.12096506849126548
2024-11-18,0.0637898841657003,0.14869154334828563
2024-11-19,0.128412110015791,0.14031878483412372
2024-11-20,0.1283871900449316,0.13260884009095372
2024-11-21,0.1342769022285644,0.12508180323766557
2024-11-22,0.1355506466361718,0.11898419337273297
2024-11-25,0.1406530871255598,0.11298615203416468
2024-11-26,0.1395417366218618,0.10752686560655694
2024-11-27,0.1443688922234922,0.10283126301713072
2024-11-29,0.1476567630276956,0.1057168891510521
2024-12-02,0.1475374175068493,0.10134337715142405
2024-12-03,0.1474369233766456,0.09651213357584623
2024-12-04,0.1532707388080006,0.09181012686393003
2024-12-05,0.1551810552268307,0.08850753981502638
2024-12-06,0.1592465372964997,0.08915798175869571
2024-12-09,0.1589252389456241,0.08526006555210516
2024-12-10,0.166759813508698,0.09511735016090878
2024-12-11,0.163550358699617,0.09883915566816907
2024-12-12,0.1635324593388202,0.09527843813080675
2024-12-13,0.177912862130801,0.10423171679343703
2024-12-16,0.1769373139082744,0.10024776990465761
2024-12-17,0.1807836134874133,0.09594223434356322
2024-12-18,0.144988360849186,0.10214747610518142
2024-12-19,0.1454869698364018,0.19936646713977235
2024-12-20,0.1412929046638223,0.18706212998983202
2024-12-23,0.141128489380062,0.17654339360609367
2024-12-24,0.1459629170708624,0.16593006129149687
2024-12-26,0.1492124913299237,0.15723612145587226
2024-12-27,0.1448435684021487,0.14816958031388539
2024-12-30,0.138459585445079,0.16620814343893872
2024-12-31,0.1394054370122715,0.18464915292703152
2025-01-02,0.1417639260565782,0.18158957747923413
2025-01-03,0.1370739132939418,0.17606809211559077
2025-01-06,0.1363964229189871,0.1666915158181367
2025-01-07,0.1288906173571513,0.15701908710232854
2025-01-08,0.134347525121828,0.17615220481094637
2025-01-10,0.1209751088452013,0.1648868902106384
2025-01-13,0.1210512928606158,0.19413128825244877
2025-01-14,0.1224682191738754,0.18119185648604286
2025-01-15,0.1116704583326908,0.16945170062102213
2025-01-16,0.111124736749617,0.16166298326002906
2025-01-17,0.1067123806338807,0.156798472185865
2025-01-21,0.1026437327371727,0.1487545951354911
2025-01-22,0.1024538817363818,0.14127680379640406
2025-01-23,0.1179182324524287,0.13384857060763447
2025-01-24,0.1184493333514014,0.12702656306227653
2025-01-27,0.1087680478385849,0.12760223965702971
2025-01-28,0.1035772288181709,0.15837633475380153
2025-01-29,0.1164009299256044,0.14994726900340996
2025-01-30,0.1290776894951346,0.152243065001067
2025-01-31,0.1415261977555099,0.14381780128506644
2025-02-03,0.1451884028156113,0.14874742052801673
2025-02-04,0.1489331314383878,0.156731850798285
2025-02-05,0.1580460930019458,0.1481324254452893
2025-02-06,0.1593135525726645,0.13985039543197794
2025-02-07,0.1802804037756158,0.13218828918624495
2025-02-10,0.1768559060760935,0.1481700771581174
2025-02-11,0.1792634258592577,0.14034480734249657
2025-02-12,0.1823126445019419,0.13218376433855805
2025-02-13,0.1960633809768452,0.1330301319667765
2025-02-14,0.2000120720296253,0.12715706443193847
2025-02-18,0.2000172889810399,0.12101737443695942
2025-02-19,0.2059389612459071,0.11484044415388758
2025-02-20,0.2059651028762747,0.10906134273511228
2025-02-21,0.2001295829256886,0.11424072773033835
2025-02-24,0.2129901678387536,0.15637171808112366
2025-02-25,0.2131501125458568,0.15821676611520397
2025-02-26,0.2162305124026304,0.16091167919444105
2025-02-27,0.2098507871223392,0.15090690115948915
2025-02-28,0.2101313105653712,0.1839007995779199
2025-03-03,0.2056221105403476,0.17431654757510304
2025-03-04,0.2028205863376083,0.20879909060687235
2025-03-05,0.199976437971923,0.2235698324384428
2025-03-06,0.2600670820087472,0.2093166418740469
2025-03-07,0.3274034931139371,0.23993204607954385
2025-03-10,0.3184694743045629,0.22319349080992257
2025-03-11,0.3205536703576937,0.2778907847006041
2025-03-12,0.4924705927972971,0.2763324879853355
2025-03-13,0.5152369407641716,0.255810406314113
2025-03-14,0.5137086505278573,0.26911488274116063
2025-03-17,0.5142739067997724,0.25189480398297237
2025-03-18,0.5133053903690589,0.23431769713748166
2025-03-19,0.5158893577724207,0.24365643010679355
2025-03-20,0.5162007416091527,0.22743901385412402
2025-03-21,0.5210963603793244,0.21848417580891105
2025-03-24,0.5263552543617719,0.2031436379934199
2025-03-25,0.5305300574851639,0.192104662301103
2025-03-26,0.5364048619310086,0.179531726316149
2025-03-27,0.5373759549179473,0.19781103716049694
2025-03-28,0.5327376408143106,0.19122739635929786
2025-03-31,0.5326667775695824,0.23102026259594757
2025-04-01,0.5325385509202359,0.21539196428242918
2025-04-02,0.5326744428511939,0.20067100142719274
2025-04-03,0.500855375873245,0.18793808923467434
2025-04-04,0.443966407472455,0.3340837571369439
2025-04-07,0.4460109697910604,0.47499691877280353
2025-04-08,0.4391735234283287,0.4360234710972369
2025-04-09,0.265723875690426,0.43388876392742265
2025-04-10,0.2025825856066702,0.41291406372857786
2025-04-11,0.2221017573731708,0.49096374403888127
2025-04-14,0.2214032421335974,0.4478641556691294
2025-04-15,0.2201509956651609,0.4086600419292958
2025-04-16,0.1958533896039889,0.37966327254918536
2025-04-17,0.1951687198089455,0.40130618541819246
2025-04-21,0.161067350710883,0.36630757914703543
2025-04-22,0.1497384674957674,0.3938216288505458
2025-04-23,0.1656986000183832,0.36351691064013697
2025-04-24,0.1540361160567134,0.33498086538279526
2025-04-25,0.157264438026604,0.3105002472818518
2025-04-28,0.1694857564434535,0.2864544356650592
2025-04-29,0.1722892063199409,0.26387480579855266
2025-04-30,0.1720581406936979,0.24455574408619143
2025-05-01,0.1720124531607111,0.22625051445852878
2025-05-02,0.1665039397204301,0.210832548295586
2025-05-05,0.1641581665427299,0.19832769606529096
2025-05-06,0.1592638154358181,0.1989054356126532
2025-05-07,0.161740213946099,0.20601840689289885
2025-05-08,0.1632719086707837,0.19214178819896938
2025-05-09,0.1627107167939366,0.1800479896950136
2025-05-12,0.1206797433604905,0.17176107723784106
2025-05-13,0.1202589253790882,0.16691570638214803
2025-05-14,0.1206535030834762,0.1572052261279592
2025-05-15,0.1277756295977905,0.14749405184068412
2025-05-16,0.1301323227989841,0.13922165343681303
2025-05-19,0.1342205027854251,0.13191911948085255
2025-05-20,0.1335625802731807,0.12436067455778049
2025-05-21,0.1174299077163255,0.12621953547003056
2025-05-22,0.1213684271913079,0.1664671208852197
2025-05-23,0.1214332639476165,0.15592050455438136
2025-05-27,0.1009253457351491,0.16359928530050666
2025-05-28,0.0994408075685297,0.15647788316476655
2025-05-29,0.0997470122671738,0.16147413683017572
2025-05-30,0.0993288148751635,0.15192687177444272
2025-06-02,0.0990985855260432,0.14608727840988134
2025-06-03,0.0986421480640649,0.13815717903343336
2025-06-04,0.1001994394743578,0.13091987376807446
2025-06-05,0.1031737025393638,0.12493173922704205
2025-06-06,0.0993972511533565,0.13050035607243315
2025-06-09,0.1003592321128016,0.12463466822864416
2025-06-10,0.0995437615931416,0.117797243852796
2025-06-11,0.1000010223043342,0.11225882875223624
2025-06-12,0.0997211258756274,0.1139948019632825
2025-06-13,0.0901946274163511,0.10849727164944019
2025-06-16,0.0861862544418037,0.13332047988562643
2025-06-17,0.0778500266655186,0.12708338348687595
2025-06-18,0.0781533052828161,0.14222945644357882
2025-06-20,0.0760031954890393,0.13501359260015647
2025-06-23,0.0718188049934092,0.13357612558235163
2025-06-24,0.0682680138849371,0.12737877830046543
2025-06-25,0.0683462882919327,0.1218881934792292
2025-06-26,0.0655864516692053,0.11524092610534928
2025-06-27,0.0650978236539261,0.11025456710031964
2025-06-30,0.0658639188766397,0.10522422798074302
2025-07-01,0.066269635817189,0.10056109756738578
2025-07-02,0.0675064478585222,0.09718871991525113
2025-07-03,0.0869967713350339,0.09310751997513636
2025-07-07,0.0983908983426778,0.08987550396817323
2025-07-08,0.1005316850596854,0.10588834500774748
2025-07-09,0.1018634848343499,0.10263026964219395
2025-07-10,0.1016793338365309,0.09836303044730013
2025-07-11,0.1036186522556658,0.09393086468565094
2025-07-14,0.1041222346429932,0.09889162048625721
2025-07-15,0.1076625166399848,0.09427950108829156
2025-07-16,0.1076796937937344,0.10116880912501816
2025-07-17,0.1064753534066797,0.09660108660500355
2025-07-18,0.1070411972387163,0.09281132929535323
2025-07-21,0.107134486551235,0.09101032114662894
2025-07-22,0.1096290691630846,0.08698809136579144
2025-07-23,0.1064578882153811,0.08356461778761505
2025-07-24,0.107559156185778,0.0811380854661016
2025-07-25,0.1196125229573429,0.07770530086654176
2025-07-28,0.1209277459428981,0.07500792916147676
2025-07-29,0.121051747684876,0.07336646595278144
2025-07-30,0.1209146213173332,0.07773419173262446
2025-07-31,0.1199153254534689,0.07832081470532583
2025-08-01,0.1038767937065557,0.08519748149599794
2025-08-04,0.0962799234993001,0.13160561463810097
2025-08-05,0.0950923178962447,0.12642312656489235
2025-08-06,0.0957389212695441,0.13249477540014712
2025-08-07,0.0966184945156356,0.12599080071435154
2025-08-08,0.093601435622242,0.12174726611304973
2025-08-11,0.0930845192027989,0.11618039861572348
2025-08-12,0.0864723428360885,0.11548606394381722
2025-08-13,0.0901142822959493,0.1108750645392064
2025-08-14,0.0901827790550905,0.10553417600154104
2025-08-15,0.090558905671604,0.10082779313934347
2025-08-18,0.0909164314753498,0.10230132475341748
2025-08-19,0.0879741525607621,0.09857603594500394
2025-08-20,0.0872271092244775,0.10814014700545833
2025-08-21,0.0849898977847343,0.10978005052767766
2025-08-22,0.0707687076662538,0.1146588024611701
2025-08-25,0.0720698240410809,0.11082519153895465
2025-08-26,0.0734753712850612,0.11661749676998227
2025-08-27,0.0763587094517262,0.11092946783228923
2025-08-28,0.0776919759813252,0.10542620042836917
2025-08-29,0.0731644961380409,0.10054582519785155
2025-09-02,0.0652662212404457,0.1113736575451229
2025-09-03,0.064310188739025,0.12507217301377768
2025-09-04,0.0598762646175611,0.11886557157536562
2025-09-05,0.057799264261625,0.11360653588503875
2025-09-08,0.0581036900213531,0.11538127360387705
2025-09-09,0.0613355128018506,0.10954864918848485
2025-09-10,0.0631455343998292,0.10416580130723088
2025-09-11,0.0601362828768466,0.09929080121200677
2025-09-12,0.1179696149122852,0.09558614045300025
2025-09-15,0.1288596286597928,0.09266006882302572
2025-09-16,0.1288339812752671,0.08901924654633749
2025-09-17,0.1295005786314325,0.08907408544093538
2025-09-18,0.1311260540880909,0.08879788176185151
2025-09-19,0.1315088102003457,0.08534897312624878
2025-09-22,0.1356105892617558,0.08219259312029879
2025-09-23,0.1338928513759654,0.07923019045414942
2025-09-24,0.1348435167942758,0.09063968773693169
2025-09-25,0.1347155419878374,0.09504458245423845
2025-09-26,0.1361022712047353,0.10277168711896388
2025-09-29,0.1411323272950391,0.09840938970760274
2025-09-30,0.1409620503856705,0.09395845689459402
2025-10-01,0.1408325317579428,0.08998439784911344
2025-10-02,0.147620972269077,0.08625321392955067
2025-10-03,0.1478458149181802,0.08246741464911186
2025-10-06,0.1475673413493234,0.07976225391570219
2025-10-07,0.1536973730475336,0.07679515231816504
2025-10-08,0.1527701409589793,0.08369569518093309
2025-10-09,0.1574752694124918,0.08080192992400374
2025-10-10,0.1198642810951479,0.08526860340456438
2025-10-13,0.120260479817305,0.17929693767144944
2025-10-14,0.1199022555638042,0.1697918277145393
2025-10-15,0.1194533552392769,0.1624634165321111
2025-10-16,0.1328650199648278,0.15277814617498775
2025-10-17,0.1316745812913885,0.16077626607445822
2025-10-20,0.1308347859807926,0.15146512122474895
2025-10-21,0.1338652951071405,0.14369592894029307
2025-10-22,0.1338086213064906,0.13607967435940604
2025-10-23,0.1416007967532927,0.14160008942554533
2025-10-24,0.1433226124682991,0.1340685001847732
2025-10-27,0.1471298308578751,0.12750460784030146
2025-10-28,0.1513390772137004,0.1220147174436067
2025-10-29,0.1537892383832072,0.11537689335157301
2025-10-30,0.1499610502002009,0.11152059428340391
2025-10-31,0.1504569528562057,0.12779318002876566
2025-11-03,0.1504526549260902,0.12444355194835885
2025-11-04,0.1442421438631049,0.11891010249107932
2025-11-05,0.1438585269751826,0.13770951152493985
2025-11-06,0.1375670255662268,0.1317556537271306
2025-11-07,0.1383527025800224,0.14171772538310945
2025-11-10,0.1272775847651494,0.13614920885582052
2025-11-11,0.1291663392205209,0.13837817272405767
2025-11-12,0.1293591003235022,0.13160422506148609
2025-11-13,0.1203347583623253,0.12412970175092804
2025-11-14,0.1205607456178227,0.1472017529255793
2025-11-17,0.1154502155478839,0.13744366782694645
2025-11-18,0.118630651530152,0.14277620648364953
2025-11-19,0.1205613896408389,0.1359636133161194
2025-11-20,0.1068785243203526,0.1300363827605606
2025-11-21,0.1041327407972241,0.15119057087995516
2025-11-24,0.0936597640862625,0.14193994429735082
2025-11-25,0.0894058676668727,0.14319476241835832
2025-11-26,0.087000613929331,0.14738887402835138
2025-11-28,0.0866720588237805,0.14492029932645883
2025-12-01,0.0848799822107796,0.13749760740227038
2025-12-02,0.0894050377096289,0.1398997733407056
2025-12-03,0.0887980877305602,0.13202359006414602
2025-12-04,0.0917847029089631,0.12601010559272957
2025-12-05,0.0937576163215589,0.11919765685749434
2025-12-08,0.0938727806517919,0.11358316503584673
2025-12-09,0.0937561817976322,0.11469345846879017
2025-12-10,0.0937403493898277,0.11070538521206243
2025-12-11,0.0935962723076005,0.10550704967556476
2025-12-12,0.084121422241028,0.10009100444751114
2025-12-15,0.086329836711538,0.12762275384270433
2025-12-16,0.0854921743409512,0.12501598798003785
2025-12-17,0.0729424000438574,0.12595737046125907
2025-12-18,0.1042807485299235,0.1486564136390112
2025-12-19,0.1073417973550902,0.1407716859844775
2025-12-22,0.1066739501349608,0.13382233413139777
2025-12-23,0.1054856850527155,0.1271764451692655
2025-12-24,,0.12087438691363944
2025-12-26,,0.11488360374574437
2025-12-29,,0.10909910190685207
2025-12-30,,0.11098850311460631
2025-12-31,,0.10766939741374845
2026-01-02,,0.11970487598405952
2026-01-05,,0.11338222367503534
2026-01-06,,0.108344263147562
2026-01-07,,0.10354318377391052
2026-01-08,,0.10740573815165223
2026-01-09,,0.1034738020287994
2026-01-12,,0.09904062489608179
2026-01-13,,0.09431249894813158
2026-01-14,,0.09600558850599433
2026-01-15,,0.10534249593064457
2026-01-16,,0.10036222002673838
2026-01-20,,0.09980511815735492
2026-01-21,,0.15892190807507758
2026-01-22,,0.15000120774356895
2026-01-23,,0.14116201697475123
