target_vol,garch_x_pred
0.1212718458230787,1.3323377853685823
0.1213363055320753,0.028412852992446565
0.105801713561895,2.370261152980644
0.105208483040675,1.3066076286670731
0.0823412282360035,1.9147412394387255
0.081773111717046,0.14928437979817655
0.0819014778253592,2.589485033000605
0.0818379873148094,0.010385394616614996
0.0811962538700735,0.010303828145418987
0.0815979434581733,0.03640408459328383
0.0804473059311115,0.009412926423390125
0.080572966051497,0.21535439141164608
0.0799695151556417,2.4106583374917485
0.0820530534708248,1.6820535652093664
0.0814506674171567,2.397294342671645
0.0818536079946166,0.008248725140082217
0.0790476060420766,1.4160015123588146
0.0790071676249773,2.4060640206869723
0.0818737993214866,0.0078026538295956115
0.0717690741001069,0.00752124369181614
0.0749235942267611,1.975215261010782
0.0767975689006425,0.13927521673771115
0.0767280028412411,0.007431085409640621
0.0723216293588058,1.773301270801939
0.0832424893816967,2.0534003192828125
0.0836185989836791,1.2726724599025585
0.0871302572045384,0.007367380788545043
0.1359559994382042,1.041149271002989
0.147248298797461,0.007149916895490628
0.1455882352036931,0.006903081796826463
0.163581397016198,0.006799481622922147
0.1635278956939646,2.399291333274434
0.1676776793195079,1.558997670526994
0.1788050846878239,1.0120363743244145
0.2054100595405653,2.719153430023747
0.2050455389560366,2.5108268605103063
0.21333106774476,1.7505682012642383
0.2182450081796937,0.08621050979553983
0.2173150719499198,0.046002417282810695
0.2189745805984226,0.00652416144827613
0.2186631966399139,1.2263104422296414
0.2331870236024772,2.4697443087315416
0.238373832422157,0.7882195367659125
0.238445460441648,1.9859361637643056
0.2383600504877213,0.12613671637988827
0.2417877771570938,2.187358460846167
0.2403024346844589,0.007600289478264902
0.2131915188468322,1.7643497573153708
0.2113003991480468,2.0105315710209912
0.2153189374222704,0.7898164093962364
0.204852558585707,0.011767260516254478
0.2028963288273672,0.01263492770923208
0.19679115128719,0.03290012526267774
0.1912273468128749,2.5740383405062466
0.1512695403303717,0.03458567622911194
0.1518194204008064,0.7832506089123492
0.146434444879359,0.1369887752493822
0.1415903440576406,2.027078394787773
0.1374912580473842,1.7748360571703683
0.1356188653764835,1.7776473785159452
0.1372826893074855,0.015329739922002523
0.0926335736780591,0.012317130334323922
0.0939489374971661,2.5757864898461538
0.0927747392901919,0.028665234279655824
0.0919598815324047,0.046388003288600745
0.0852345755722671,1.7818642904198345
0.0862188935161114,0.0126502632082963
0.0949091059571362,0.02231001885676163
0.1071344587667715,0.22364758925295794
0.1004241384843602,0.0253116704299815
0.1127491938265578,1.072529552335686
0.1135387767053677,0.1963662529745473
0.1253798734504176,2.5954824699702645
0.1277634360883071,0.1078554792409689
0.129895033050782,2.321781389707902
0.1361060189259665,1.8591341546881077
0.1358011740159377,1.650154678071201
0.1403612449644016,0.008499124177444441
0.1404320327802833,0.02220063407790343
0.1408816939502354,1.9459784503488275
0.1407334332230511,1.7545270342614507
0.1427860739915582,0.007437444218078745
0.140201118014958,2.4054097010539186
0.1390790476314236,0.6063973022271424
0.1388315485139881,1.9832801398989222
0.1375026370613942,2.0046407425134323
0.1378912565469901,0.7735822358304932
0.1291862243643892,1.3312445155194017
0.1067005162193601,1.8937550732386987
0.1062950995993463,0.013413976189603534
0.1013003857018851,0.7824316779072708
0.0987264917257842,2.265861301097351
0.0738767424246664,0.021616416475021917
0.0705511735148616,0.10792218279844333
0.0689784358294498,0.8871795492780705
0.0624845499059499,0.009982674777899353
0.0630881889008219,0.018594468585650625
0.055978231399338,1.7294768869954975
0.0548902811665839,1.8978646654735905
0.0547188629656299,0.8500594708640052
0.0531063129574482,1.7701413281463696
0.0505957227429947,1.7780880184497099
0.0475133153859292,2.5763895747498986
0.051696560997671,2.0645665019420725
0.0530848778568364,0.04449345948128562
0.0523437321469877,0.3096690497387568
0.0549852607179257,0.12508992235392696
0.0545425760516073,1.937584075887055
0.0551985554173847,1.0338483601066237
0.0564431900042914,2.018838059518827
0.0604277860458646,0.006641662951509437
0.0649302839766705,0.006990399855028347
0.0678125424808041,2.297895934730647
0.0678912821381714,2.3264196786552755
0.0735117894920905,1.0780252396463061
0.0747935017165941,0.00630762310324492
0.0744642709464385,2.2350955203361704
0.0746742081999653,0.009018969594751446
0.0794729519698034,6.1091972472180505
0.0795063583565933,0.005790381154528332
0.0791541050855562,2.402615451633403
0.0792175124243079,1.4741818894075889
0.07913997112323,0.7400385103861089
0.0775174792056174,2.4476505354396236
0.0771363019756764,2.0040072215110745
0.0771377048602345,2.604288026066859
0.074172478934349,0.02249383335783774
0.0753754079078687,2.389440481333499
0.0748937824070734,1.8189892995914876
0.0767887080209401,0.0057989350751487196
0.0674441951054041,1.679721542040927
0.0643136399390669,1.4159372720035053
0.0724285975447726,0.0066599501298811445
0.0727150013273272,1.9050864676117119
0.0696923666576474,2.0821764264013636
0.0687078858766833,1.9127445586890297
0.0697983844120403,1.4553311739296824
0.0721230457883073,2.6957378123613425
0.0702714167682688,0.006373471978752459
0.0712007060961109,0.15465210121384051
0.0687210250820203,1.2519322930670727
0.0724527674781437,2.5088472597878257
0.0721840669468247,2.106976407410128
0.0732063327372707,2.7767831105613556
0.0728091609691635,2.6231214103178933
0.072828651785379,2.655669932205036
0.0818015779005731,2.2161716338304607
0.100677404018304,0.005805362579732163
0.1071282239323952,0.12620962351522946
0.1048244548755617,1.1987372556415565
0.105025859159704,1.7774985979641904
0.1203548466543992,2.3220329431998903
0.1203721975837989,0.006330441060803081
0.1310247070625928,0.006690763805030358
0.135500472455429,2.19661425676692
0.1349554117957404,0.008017696699659682
0.1354753605788341,2.322579892653003
0.1366598907853964,2.8399322775161853
0.1351289743416001,1.7255854694109425
0.1360211269875804,0.006549195007515357
0.1362872479076681,1.7955550180644642
0.1338090960470686,0.059705778757742294
0.134143190911896,0.1712690244473431
0.1344898955830868,2.92666069463076
0.1357144283716648,0.006246820956540895
0.1413879478257823,2.329025904685399
0.1838103399240111,0.0059302347337148315
0.2058190781096014,2.7225685427093627
0.2008226692627204,1.4981032796197224
0.2531587905301749,0.008517456367800706
0.2514477881497819,2.011280776844234
0.2971245071254431,0.007869455758353261
0.3097263143056689,1.7758791840598769
0.342891338545685,0.012719346278418643
0.3557976065563973,0.47198725256176893
0.3568158447867969,2.754763889997032
0.4462459264039746,1.7898710287446946
0.4918057539741292,1.796730426869116
0.5128210486311751,2.6412880786258857
0.6004538457973122,2.610009651510133
0.6921546961009875,0.008654122734697385
0.7829747092428261,2.175821255999907
0.8201400639600467,1.7008201190398153
0.8273036454088407,9.64272224891547
0.8289043449761982,2.6521781455320665
0.8340109681225429,1.8660609763194556
0.8325824887812328,0.007929777311758446
0.909850157062392,1.3586458595468804
0.9145417952597888,0.016028606880493197
0.9354251032082176,0.01518575852594101
0.9392401386127474,0.11727028770761774
0.9325923511924834,0.11505897677049584
0.9297248709583332,1.6741345929040292
0.9208738873041278,1.7527337906032388
0.9247678650085444,0.036361922467300335
0.9245620811858506,1.936578112486056
0.9181385495401844,2.547600589884643
0.8976184316851938,1.7573290258224303
0.8894408807850147,0.03841745880535772
0.8064725791564813,0.1742435739976068
0.7558511197297472,2.799032890144111
0.6203721972184505,2.6564273426874796
0.6064380281193367,0.09501021807153728
0.5679766253216213,2.637987458585818
0.5713676918859661,0.05832291338991532
0.5460204615160391,0.05701473925543726
0.5506292719440143,0.05896698736623046
0.4737560885506546,0.05067724990282633
0.4733913544482501,0.054836432259657855
0.4355504119245584,0.05178104771426969
0.4174302511962474,0.05163207312784313
0.407602008042757,0.12976373247988765
0.4075870299703019,0.04745721252720373
0.3633137676706391,0.04482191449796616
0.3793551831060415,0.15607814614302715
0.3719380619887858,0.04250618146662497
0.3020104068136974,0.04110158938816543
0.304258172509212,0.04283779487154821
0.2857814926621758,0.04022201752000234
0.2865873905991405,0.0391257793895356
0.2834395054822554,0.1529286631695742
0.2770790368484823,2.856990627780733
0.2735339526013463,0.05786066458085024
0.2760947271933042,0.032436119925321076
0.2595552592618418,0.04029700709091508
0.2714501405699605,2.7035130186041147
0.2468700173554465,0.04968425214377733
0.2423917136349371,0.25816643914415266
0.2447900957832,0.0282007673497951
0.2412600724700663,0.12955160122785347
0.2399848953929906,0.10707648075631733
0.2426932487646978,0.023956836081193294
0.2275936888600101,0.022321635778187562
0.2239972542144181,0.02270481797081842
0.1957196716228792,0.046169393995434425
0.1962743441477066,0.13289446747681186
0.198158396424084,0.020850612350856654
0.1955820408162943,0.019741794759717043
0.2076352828988506,0.9720234015440761
0.2050634232898621,0.0180679625776544
0.2092230641609372,0.017742969224039482
0.1920764472391389,0.01673025625446538
0.2901283618463328,0.059652279338567205
0.2901317040497794,0.9536853354483384
0.2908955774063963,0.04849813456016657
0.2800656022976003,0.01692544105160347
0.2770281246752419,0.03508907646233495
0.2724482413033897,2.1206303538988083
0.2719351481090316,0.016689815113375302
0.2722713098990498,1.804822556204696
0.2700683206419046,0.0346750262596206
0.2834231047454004,0.0146742373063787
0.2856297295710621,0.014562412648821712
0.2985898670610998,0.013816358670274413
0.3030281534597716,0.45260004356351646
0.3050486254438491,0.012448028061086584
0.3023259257067603,0.012037188706777559
0.3027797770406604,0.012083694213541768
0.293807831160898,0.011508052571900476
0.2922642213635577,0.013046079780175046
0.2929142707480495,0.013190423381701337
0.2929408097501769,0.015668192172846408
0.1953339124962858,0.026735536906560147
0.1965164884225736,0.13332260685836675
0.1986946495086542,0.03200620815667948
0.1904201472998062,0.020192492248797926
0.190096747167729,18.117759220923702
0.1900816505488322,0.18469728379521408
0.1891424656937723,0.03494706859024267
0.1885761387608032,3.099170867873352
0.1887924668130496,2.397066122249292
0.1664934725622125,0.0162043589556371
0.1671482834019836,0.0708505946800601
0.1361492792401809,0.015953449491983417
0.1342613820045828,0.01697016697233881
0.1337715045998937,0.016601229669739297
0.1344805248810477,0.016148246440674627
0.1355333006488344,0.015345849938225008
0.1278459612604124,0.01457362157325041
0.1195665166727787,0.01453110596432926
0.1188654160384071,0.711190291253318
0.1156600438553297,0.029383829662174753
0.1128122961184195,0.05929173400586371
0.1046145890167975,0.012746686771421791
0.1055919072488901,1.4857904259472043
0.1109180071796884,2.1791678815892053
0.1100316398852972,0.012006427442162963
0.110344001562668,0.011953896207567446
0.1083108950737965,0.21260679012076797
0.1083112468468449,0.07638569691716335
0.1095776547071555,0.010119137291937736
0.0971958504874188,0.072250435551073
0.0915341447655442,0.018209524379402545
0.0938655181860665,1.5513918314068371
0.0871655271997707,3.4213288929393886
0.084488995484511,0.009511077740585117
0.0806240484352737,2.65295558533101
0.0797796038108279,0.04306035583079558
0.0826104965544745,0.11952136580381399
0.085613074387092,0.00909918906157094
0.0937885827105597,0.06790378863548527
0.1656058891610827,1.9920554227572136
0.1692395364869162,0.008416940983891133
0.1975858429740966,0.07576419811308892
0.2072365253933852,0.007793137835898328
0.211390231848689,2.691914190242199
0.2113641522895659,0.008612314911020665
0.2167387517283535,0.9112538388852666
0.217174895734537,0.509234918068817
0.2175826562632117,0.9239214752480084
0.2193974211717711,0.0735445144849486
0.2226250908827791,0.031079144416605683
0.2248228059100573,0.007245526387295387
0.2248581365405934,0.32289339023749536
0.2366891527658086,0.06604821639283104
0.2327526883452548,0.09481118260926019
0.2421570721981877,0.0075679534087019626
0.2496797755371823,0.012704439983303098
0.2499039667446873,0.018286116828496957
0.2488583708699371,0.11277018831002979
0.2432992901268988,0.0071035819939143045
0.2134954611176293,0.008348857400241957
0.2221991647292866,0.013916873607227568
0.2046192021626826,0.051543921962629705
0.2019197586340296,0.01968892132846466
0.1924466931232055,1.6851737232311246
0.1940751261415465,0.016039906402527008
0.1964905389195639,0.015140951284241023
0.1985805023149814,0.014934843294908474
0.199622607854096,0.03848365481828998
0.1961849933317062,0.013398862372719462
0.1899476501200467,0.16258395815333607
0.1943944669548509,0.9062873652209195
0.1923027697500174,2.206943730102473
0.168244856249574,0.012503617565275519
0.168460687892978,0.11931650770741672
0.1614752800355884,0.1135840673663057
0.1691964328428071,0.013534653241090608
0.168363520786603,0.018805239896118032
0.2083783494205157,0.01315005005578088
0.2105899126673029,0.013266542615527292
0.2111178506503397,0.012110151117221689
0.2047060369240876,0.01619029890353745
0.2092393148027469,0.0351616617247365
0.2151146713460485,0.03428954905638882
0.2236152587809015,0.023461325157669976
0.2216441645451546,0.05916707832157683
0.2187502954464971,0.023911888952080504
0.2173796982094372,2.7345755718539566
0.2170876652091453,0.012216971711181688
0.2204519535941181,0.011793802008739923
0.2250657398569571,2.715056705798459
0.2189653913477398,0.02193062812566133
0.2208806472498299,0.01133272515455492
0.2264492660422236,3.240203566755288
0.2262314778769846,2.36405487893935
0.228243670021815,0.009939216808764962
0.2160140989207081,0.11310843054694178
0.2197842064226741,0.35510706916562534
0.1685830687624835,0.01097164466639137
0.1677719877922194,0.015018250190596988
0.1617051775377406,0.016579338456527933
0.1615763950720416,0.0719151231038286
0.1550782627198053,0.15411552452527516
0.1408472225866223,0.014083959096653685
0.1292997479115124,0.014960740332472319
0.1300147783763004,0.015295987138548557
0.124724755396115,0.014451627260465531
0.1303744142848594,0.014160242857835343
0.1288299283539392,3.439464293154186
0.1224338040339045,0.018286617944947816
0.1157992871955659,1.5035573258157926
0.1171961065050255,3.7764002442927174
0.1147718854427027,0.026438991380064763
0.1040209017571497,0.02673702503347386
0.1059747003912214,0.16576038674252883
0.1030143241741922,3.2189091543577635
0.1026277711777537,0.046534204881487254
0.0873401317060813,0.011837013669828403
0.0875262938817639,0.015564625444243137
0.0913310116763029,0.01080103843737046
0.0896251944778631,0.9373617592620739
0.0824957437371727,0.009935346993984117
0.0836743630352892,3.378886672612314
0.0989434254774237,0.2058965046066875
0.0972561490234395,0.3068772296912846
0.0987095089474951,0.009061551390298688
0.1103051743924159,0.23035195342947967
0.1040595718439662,0.008268142801665126
0.1084967206423079,0.010070408579880227
0.1081011814348351,0.04501622217164459
0.1054580757822442,0.008024926660086052
0.0985458078448213,0.05469902565791977
0.1032790241290279,1.125987758298025
0.1049063254650957,0.008183136302717822
0.1121945929560973,2.71911657071796
0.1103732396615809,3.209466814115786
0.1114287868000143,0.007668117963449395
0.1115212619422059,0.007426531930775576
0.112128725351875,0.007174344147568699
0.1439562105403143,2.198480860341365
0.1465999171123783,0.0072242238838024185
0.1644710693214215,0.007031870621717858
0.1741159720867633,0.007133731634727744
0.1723306949811698,0.023720893446679908
0.171262803076454,0.0976533157512606
0.1741749584840957,0.026857178973344907
0.1675014103835176,0.007796693364879266
0.168133062579795,0.03583640631518613
0.1656782681274217,0.662942119550186
0.1657610799656612,0.02061866319358914
0.1657002074079534,0.6839143649044477
0.1650788035662445,0.09624902334269372
0.1618886660338583,0.07251498717639542
0.1606063298485256,0.15452575194885518
0.1554562020481642,2.246465303080363
0.1557400144128406,4.162339548796636
0.1579565187966407,0.008244321438709984
0.1574748872057362,0.09745250487543021
0.1616202565204451,0.007784413312916842
0.1608762179564849,0.0075281827660429405
0.159745520093727,0.010700146323824967
0.1612044749270972,0.24759723349738896
0.1563713061110979,3.5710280375569887
0.1570987966459829,0.012485512235596678
0.1631137624967906,0.012562976519092372
0.1715006820842381,0.6853156188452438
0.1714840205328194,2.6055137185729125
0.1774746035207325,2.515331630490642
0.1790224379978657,0.010869434891789867
0.1826112145862152,0.010335388595931503
0.1825908634584573,0.009847252278469946
0.1829591947714445,0.009393893526419986
0.1830031552626777,0.011842108830028954
0.1832973295926634,0.22142345395669413
0.1905365444030792,0.03665399420865247
0.1905477587864619,0.009277011140385765
0.1901446277424207,0.00785890371339126
0.1926666685006058,0.008009356365165584
0.1894210342026009,2.855601339367435
0.1676731500470861,3.168438179374725
0.1738558931750975,0.9057633440239098
0.1537395154981927,0.010722367900113453
0.1508869031711367,0.012574640023221152
0.1409488969648651,0.028575264229392588
0.1330543272450073,0.012404676730821186
0.127754146775553,3.6064378077165826
0.1250101473051954,2.9428816338094346
0.1182955414151277,0.8284087223674007
0.1178171988280331,0.025528705030392063
0.1158151421207549,0.031334895878622725
0.1159853530833295,0.12185082255296145
0.1152379580605353,0.026363600380446772
0.1163467310091689,0.22544507505596093
0.120243932743146,3.591911663090269
0.1018421947928372,0.017019930167006165
0.1044752801721628,0.011387925703105683
0.1092491334352412,0.021303464010844292
0.104721617808305,0.014784253805514378
0.1099298106685382,0.009788256590318322
0.1129911279482165,0.12285719007106834
0.1026830330313463,2.8683728342732553
0.1025697785981399,0.1442428965404637
0.1012736891592298,0.01743057839220361
0.101981125123404,0.009204226234000716
0.1028781947108486,0.16176556495966868
0.0922474843770486,0.009052518934293732
0.0959444489002208,0.02077109427228538
0.0959911454895029,0.7210545041361729
0.0982547386855158,2.0495381336326517
0.0982607202381459,0.2559874495618093
0.10604383826005,0.023550472562313157
0.1110900236559488,0.00809583021408876
0.1347736509910526,0.007809970159924905
0.1362510228328399,0.137238943987271
0.1470248479249145,0.0712888133162677
0.146226005983624,0.29015943857459975
0.1471702482128887,0.00999963430644473
0.1430703191377756,1.9178043679477847
0.1447115078845247,0.034453806077673114
0.1393934500576341,1.2623342359438054
0.1440154983599564,0.008583125368966035
0.1442654860271208,2.5089608236968344
0.1444124609749794,0.007912741949832908
0.1425893407852488,0.007681705971028846
0.1406112330744558,0.007554523007090788
0.140500859702367,0.008254246461389309
0.13852533301972,0.00737615678606525
0.13935852120831,0.007447056643401177
0.1402467400861608,1.3180645804612274
0.1379523473498668,0.007315731764403688
0.1328427459145051,0.01636109869139881
0.1283409616261241,2.9529110932603024
0.0978356017544317,0.7105173897017066
0.0908073258464119,0.010519725905638641
0.0754990575086344,0.8743012720406539
0.0750927104718117,0.8449106736027394
0.0704915337463328,2.8931699689999877
0.0692923698732965,1.8581485932196458
0.0787265785313175,0.14201207456304699
0.0931189585807989,0.010089718575080613
0.0882024658791139,0.00962500286944902
0.0878399206401636,0.009653835622682586
0.0896891798071761,0.009259874649479497
0.0901713130009602,0.008856570950569192
0.0902002044281489,0.00847650253866138
0.0899395820000857,6.562088795566362
0.0899273432939956,0.1431730750411207
0.08937537532705,0.0964928033607282
0.087845503720336,0.26900501543553956
0.0882098755810495,0.007826795728502882
0.0883931691855517,0.007363740359800556
0.0944622050720582,1.0463301581866613
0.0995547914171737,0.045853776770421364
0.0998147803704234,0.0068136623323068685
0.1013747833530427,1.7379705444654918
0.100667677154503,0.04418600654516294
0.0989038070080924,0.35090586082795644
0.1043695291055944,0.11260343476825911
0.1068850131201706,0.1209061874640191
0.1069076860147071,0.007638520464163526
0.1087329748811547,0.008597482692206435
0.1083407247213608,0.008288047657188885
0.1117181072400356,0.07394908183305249
0.1115477851646577,0.007896554960934407
0.1136977740941484,0.3943546492997575
0.113835296014085,0.05880858310900681
0.1142660422163448,0.008917994939282267
0.1153022578929475,0.0641426836283308
0.1129654000631438,2.5277799207665486
0.1157824165009064,0.006960808798101869
0.1171605961341565,0.023840271429463093
0.1141453117339429,0.07668992537568615
0.1086833012065169,3.7452873172163303
0.1083094779648296,2.6362559283166025
0.1072913700108633,0.008127694288412379
0.107432704584466,0.007180190383074814
0.1064528506768736,2.681760394299023
0.1009387249314956,2.8676526738639048
0.0798092836755664,0.007164422974001136
0.0732378379617649,0.008501102723456435
0.0813445205032878,0.011136724540687919
0.0812286285070754,0.05264772332842389
0.0779030780414019,0.010207294688823126
0.0831587156014032,2.926753055265882
0.080821728606768,0.008503124715190939
0.0807271864615806,0.9091904455488794
0.0836092509659011,0.0075114937645954965
0.0858500826767884,0.03619961823000263
0.0855092970925169,2.505944669368087
0.0826298703539701,0.0074433800646527245
0.0794994095457359,0.007679921893432355
0.077675709402529,2.90614078082639
0.0778455720334217,0.013284398359101118
0.079391844101799,0.0071858004979082875
0.0797900284348219,0.006962632060961654
0.0816322722988609,2.5077194304062034
0.0864042613594484,1.8216236544336082
0.0866453286548853,0.006426494911329594
0.0883043908883717,0.014754109062806239
0.0901032664455447,2.4100593443234946
0.0798702466677793,0.006421541301632735
0.0883416733309372,0.0212278741403537
0.1026390372547507,0.7492490115809746
0.0960966958144245,0.007172432788198147
0.1034711268486975,0.007386170491642858
0.1130317959473892,0.007133720218203636
0.1113823500389924,0.0069121101038555335
0.1064881873597559,0.007362248100526575
0.1253811491253619,0.007217859149165251
0.1260321950086264,1.2968552247060101
0.1310505046887978,0.006915005226335793
0.1393167010246788,0.05359251168346741
0.1444568790913448,2.734560531686317
0.1515109949852903,0.006374846370624828
0.1530283443476156,0.30300728005915367
0.1568755506323523,0.0063894128279450655
0.1547918923178085,0.02847343672864981
0.1559750715535881,2.4845150122775213
0.1552663550911702,0.03283945977582296
0.1523666221631099,0.08711087992786061
0.1651390318854821,0.030806586465015807
0.1634975605186184,2.451705470603468
0.1502465895522709,0.2508160715691518
0.1515073856651179,0.00897170121074271
0.1489347434227841,2.1596724622771344
0.1438343155550918,0.08723023480899172
0.1440294158862443,2.547809607428392
0.1440367655405121,0.008696299370565912
0.1189558745024029,0.009451154460665006
0.1214726527596048,0.06176479666601221
0.1112653384174315,0.009951161798027247
0.1066474374142199,2.131822106378989
0.0891254326470281,0.010448445108461013
0.0854632713137183,0.016589985466480606
0.0860180459897434,0.03307805310783175
0.083922049019053,0.010281255600385262
0.081862349298928,2.9118070457983016
0.0723745123526467,3.447157040982099
0.0733997141831524,0.009550492358929505
0.0845685848893003,0.009240263327734081
0.0682545778905897,0.8834478995907917
0.0681854684563199,2.5378884130798327
0.0685047322158895,0.08383618278608768
0.0657764897408896,0.009205984846023694
0.0672006897013586,0.6828929382161384
0.0673972698261488,0.008730041372980658
0.0678614383419919,0.008379406350564948
0.068246044641432,0.008055465238927934
0.0682294500389789,0.0078771770282051
0.0648469063983348,1.1825933688271553
0.1023523906269633,0.013389415768447838
0.1109293028618862,0.00871561377237344
0.1319560441253891,0.007464390299065565
0.1360162719222619,0.09490479666230141
0.1460152190140547,0.0070421496782363145
0.1470966883314694,0.1594106876176344
0.1536038930446107,0.06764284063608779
0.1715679808332428,2.4219270830545456
0.1713778700099462,0.7073428463233941
0.1706010266083135,0.006494037455272215
0.1736172846560602,0.010386556969172797
0.1748980576428865,0.006689749903728603
0.1765522738284106,2.656161357402709
0.1849255077313877,0.007514615492275021
0.1874997705228429,0.00649835187658741
0.1905856462530593,0.027483707568427263
0.1937384026726268,0.014659398743017894
0.2048980270561511,0.11016444721757726
0.2080724784692713,0.006150712031606376
0.2090225281850958,2.934799912116618
0.1959164315933712,0.007892563943914724
0.1924661367580994,0.00936323296934374
0.1755925566085688,0.4025428407183309
0.1693229767545011,0.011232812851273356
0.1639105107714967,0.01097762526729393
0.1592589938398617,0.011678790387476027
0.1559601836249235,0.0114771517571414
0.1581155529363432,0.11929206136187652
0.1578881215098545,0.8089643648332823
0.1565959747750178,2.599572006637827
0.1527917778130432,0.016222292126408022
0.1528209865741524,0.8933626677790343
0.1504208275343127,0.011164487552270662
0.1489782689376464,0.010846822009858023
0.1456558105954158,0.012656736574791532
0.154582175319081,0.06107527137700118
0.1543610782726655,0.4799995129892629
0.1433225923312334,0.01123839036586078
0.1497927119718224,0.09297459049994532
0.1482975141007034,0.01169309684767882
0.1362093909167096,0.9846779718203299
0.1357012555460741,0.011471245803993634
0.1337999456526618,0.0414859056273755
0.1702256834380807,0.010362350421021948
0.1867032032481827,0.011440989433083424
0.1873122241885882,0.21458974095382893
0.1922593004137808,0.009278193548495461
0.198031494927425,0.008814332834301873
0.1995776715247082,0.011127619389674782
0.1995028601486055,0.016779888054953673
0.2028018071953049,0.015296440208305073
0.207482321405602,0.14429731914798008
0.2151649079503415,0.7381180744063127
0.220457370942948,0.008850064842087953
0.2201647474351702,0.04096425284921432
0.2223224812381825,0.009198238170118245
0.2196890772128307,0.010570186071225706
0.2292870885338139,0.22196681319435796
0.2195195749563213,0.010801093035563451
0.2217511161096097,0.012148349761949286
0.2263272795104327,0.014958906984449427
0.2336115719018333,0.011725528072987509
0.2459873866253633,0.01118479709328364
0.2294914869983572,0.25144646119039316
0.224276606986147,0.02301503656079846
0.2338997466008364,2.255897721825289
0.2302173804429124,4.230985997143507
0.217305390338119,0.16312870946450975
0.2377027828322609,0.014002503374451873
0.2381756079864584,0.013285644227108572
0.25814846076748,0.024559420608696352
0.2500339205246422,0.012215250129053357
0.2466268244329826,0.012378117287985121
0.2393655664142265,0.013156224082341126
0.2546188719080843,0.014058525823801125
0.2608185715786528,0.027526585411444204
0.2652013853186012,0.07372420724876493
0.2560443739769802,1.3055429672059298
0.2545778363706712,0.014033312374723822
0.2528780383066089,0.09690476304694434
0.2481779873754649,1.960820596543631
0.2481942161392471,0.2700925723341865
0.2379347012361951,0.1176624183866811
0.2380362364786687,3.9938829457619893
0.2309489711620077,2.5047547032898265
0.2268013716263072,0.014011970950032584
0.2343440044118911,0.7387312264878123
0.2312836261146534,0.16909115061500782
0.1976144895040408,0.058714422944306024
0.2025036247401196,0.015905281045617236
0.1903022443467155,0.015241773878100103
0.1887442477481815,0.016429953560523455
0.1808944876122534,0.015587014687834948
0.1917286665001563,0.015468476135346755
0.1793010443691789,1.4509799229274614
0.1668866422885971,2.924816308454661
0.1677855512409813,0.016079192001526032
0.1626247841376138,0.026379439599314266
0.1731808067593098,0.015099854845959387
0.167709143687824,0.046757366700132544
0.1699272636169036,1.1984233417647523
0.1849882651258799,0.015152575804004937
0.1855151031221531,0.013861020361623764
0.2041236629415829,0.013904403180781738
0.1963587226225253,0.012634936791296113
0.2232125927265922,2.940759415470547
0.251131001202535,0.13248974508826658
0.2526223114939792,0.012529223976628692
0.2503089249033366,0.011895013509355679
0.2765602465156053,2.9464648069837316
0.3005535270579253,0.04954132731926531
0.2987993734138591,0.019221201801370966
0.3149442008797003,0.06866066465117004
0.3132049842672637,2.9508326002454206
0.3156361581095526,0.028855574128337065
0.3098530623707807,3.9811782223739645
0.3260683815613716,1.9766556649367655
0.3255975309296943,0.011326405605854854
0.3295762108908521,0.03105171173776033
0.3540776166625163,2.045241141796011
0.3525695936398433,0.010779510611905482
0.3433929635718579,0.1186736658753734
0.351335525429959,0.014073815003386878
0.3386061380461092,0.013659786927970513
0.3405695410188656,3.967814011572811
0.3355195414701415,0.014983661065270867
0.3216557285444651,0.8409438606024301
0.3216154169261935,2.391109904646551
0.3222791863341795,1.1948343803077968
0.3103596359493278,0.06200679719163481
0.2881782203949267,0.018825774822473877
0.2876366334182016,0.02135169340438863
0.2620362510770254,0.020098407641272614
0.2661190507393306,0.021650906277371724
0.274552897205703,1.495112943132215
0.295190842426236,0.019910590220622422
0.3106322009811282,1.446989742973428
0.3106265356627503,0.17254347173108447
0.30506452035761,0.01806790723893542
0.2938204704610956,0.0181308436020374
0.2942404782201893,0.02161461254972615
0.3102628238965421,0.053289095619271074
0.3009363995982931,0.01926651782042049
0.3034719641713184,0.019020789202153127
0.3237617528952821,2.9844228304252134
0.3146584038965528,0.15586178317907015
0.3054055370899293,0.017466913015578647
0.3055715291239814,0.019107473393474284
0.3055781708496264,0.05361225360818933
0.2986929641356749,0.017465661688052636
0.2958328958476031,2.535349796515357
0.2959307433050664,0.26701804119769057
0.299591470195483,0.08651078223385336
0.2982367791414118,2.8622987349558793
0.2894406948551472,1.5722492123888576
0.2722810455252183,0.015860013400753003
0.2339494044745371,0.009344820959064219
0.2338342134651343,0.02086119115436665
0.2380348606724696,0.023754743343289666
0.203605651234206,0.46472037865400384
0.2212549983796568,1.3076051553133503
0.2068203690435158,0.17960205439073093
0.2078142200375714,0.019663167690996686
0.2107917901325782,0.01894733604663175
0.1806040173364514,0.8709037059640947
0.1854955790580408,0.019953161907093064
0.1889160510753803,0.17363321264688414
0.1915856393723094,2.52441997725819
0.1905161171945415,0.017640898523906646
0.1907880112606602,2.3353916987370833
0.1942360356833445,0.8345970378793282
0.1990333006975907,0.017329893882842073
0.1953003934138374,3.4377191254267503
0.195558084173698,0.014403022113055872
0.1886585394369931,0.01362444552178059
0.1851165405897754,0.4439929009869325
0.1910948854700808,0.013000014401712402
0.1900060491280031,3.0076496289188497
0.1881119234500021,0.012192898270783436
0.1813695870669036,0.11166308950893514
0.1640404602575139,0.11224608895998234
0.1689838163362197,3.1563480849893804
0.1673790038262382,0.06989110428906635
0.1722563885048739,0.06458631242532992
0.1927477060378554,0.01293389426076945
0.1863826876026998,1.2924001569458852
0.1655743885098828,0.03558212995238049
0.167019101102712,0.7509321809099148
0.2033967630972651,0.01594419646882931
0.2043253569271634,0.030732753241746732
0.2065275273861754,0.013074562234687883
0.1977825289747821,3.414373431037942
0.1986779881341811,0.012372360839265508
0.2008859485617771,0.012155162137337541
0.2008461745331255,0.011548982988142784
0.2135835547814384,0.16061367587721456
0.1991989327999202,0.01070286685563727
0.208931038245161,2.6109703039158068
0.2028388588353201,0.03428607699497791
0.2511733692177555,0.01184876583142763
0.2518754390298009,0.011293360685885814
0.2529817484931961,0.018930082274914068
0.2516708760631273,1.2932681405746178
0.2534234069973629,1.1881544049817205
0.2470861385476528,0.06448160394433863
0.2520578472072519,0.012172168604099698
0.2508948958108613,0.012143530219544308
0.2440346572753375,0.011023807420288887
0.2210560401749462,0.04311228116724969
0.2211613485219027,0.016009231489897996
0.2360091723306766,0.6530420592873464
0.2439315388037856,0.23777056955235026
0.245642366887476,0.13409233384952632
0.2680181961234088,0.08190001371690558
0.2934329462261933,0.09561792633188099
0.2844678817453632,0.012642412693295666
0.2837105448667205,0.012910545241833476
0.2878375632505756,0.012363814616767284
0.2814511203561931,2.957784675260604
0.2430147941803583,0.1497125553464396
0.2410903086928736,0.018470128450798186
0.2632446890790106,2.550931645592977
0.2723784358374134,0.08501639482405846
0.2889472156199021,0.015734634083130437
0.291457518663682,0.017189892174659376
0.2862085810439747,0.07287787136455944
0.2862036753483403,2.6158960620644445
0.2931813015230203,0.014780457993485832
0.2928843773094454,0.015037813764516976
0.2963825448526703,10.607028550172995
0.2917983036883677,0.01409447863516519
0.2807369995221507,0.03218111045176341
0.2819749668074234,1.5069788501074535
0.2724648860057332,0.06317365735028889
0.2524757890110232,3.0623777654008975
0.2690954671030112,1.7717602857057753
0.2690860436507917,0.07785113412837166
0.2522517162189636,1.1940665741402026
0.2510411854455492,0.018142353819297206
0.2488784192286091,0.44426739911882784
0.2624196140922459,2.714018125159914
0.3091475602663112,0.01576614159498432
0.2928667032546338,0.016769238806387168
0.2868908382206434,2.391320991215597
0.2859385092101748,0.12746592825841688
0.2862153349622935,0.020413341838718797
0.2838712756445507,0.7173935680205443
0.2737134024015341,0.01605980138072078
0.2723067885411781,0.016857669114628847
0.270779467609731,0.019587430354901805
0.2688089543865344,0.01607529120470405
0.2674083267203068,0.1800268237583599
0.2637589826827624,1.2755851023488276
0.2622248379537144,0.12747710997599349
0.2816910818420191,0.01500006910088429
0.2616693875202689,0.03633069161966206
0.2568991856721007,0.01677576911165187
0.2663373964535309,3.780380927304718
0.272134122424269,3.9739232209070328
0.2720573851463779,0.014613835340672291
0.2596899707964272,0.013824609347447196
0.1800103862459812,0.1611451597371499
0.1841153962102789,0.021747784008586683
0.1830017561447012,1.5351095033315951
0.1824035266170883,1.6995756673358198
0.2012110785600744,0.018450029576438782
0.2049568381825753,1.9708890783441788
0.205365701304743,0.016842914386667792
0.2055505294800354,0.10584838100880961
0.2070344156738729,0.028602403051331854
0.2096860438062999,0.014823598715977222
0.2116183349681289,3.2691588508432794
0.2053834711635083,3.2645410414204474
0.2089775410002193,0.013709952114622974
0.1850912774107954,2.7867118889644438
0.1849282000794518,0.1089996424242302
0.1848576363667954,0.029214718714121835
0.1796040514367495,0.3013996050697743
0.1770520958544766,0.026036829673617246
0.1969606006867865,2.7919999133211233
0.194551053467506,0.09232535670320863
0.1947708256130891,0.01372355768502102
0.1931472685868888,0.012748202706469905
0.1915611503173095,0.04555268396599064
0.1907547415175344,0.17727717760398914
0.1669655619244653,0.011909254384908108
0.1717271542629519,0.013873741577571758
0.1708841722898862,0.055006167141364755
0.1816399336974319,0.014207947442226428
0.1791798690013561,0.012588387714734946
0.1691734854924311,0.022758315273964092
0.1688814316275426,0.012976309066604701
0.1699189919469285,0.012392564920499099
0.1598636161003888,0.15194807996989496
0.1607269733890781,0.01198569112618941
0.1654375929097237,2.4706204184010514
0.165149387412037,0.011981463890013637
0.1689679151074294,0.09738905717528143
0.1680172592333636,0.034896894804829506
0.1566635719009489,0.011242143470130854
0.1602367563480566,0.012744330889687277
0.1674546209126549,0.01208002801692557
0.1675266829866989,0.07993946771240784
0.167364231709024,0.030611499481049943
0.1711528471745699,0.011106435079455971
0.1708388979199807,1.7649912239008603
0.1574499433022715,0.020702903409319347
0.1645880301970912,0.0285757003715473
0.1540544691334467,0.010739172194690106
0.1667800284446418,3.472787991885071
0.1668049207255845,0.07212250650578271
0.1679475729836026,0.026392872921660235
0.166920449047438,0.01706525964200108
0.1672594079454878,0.14768649353856397
0.1619399502154499,0.08045770547421194
0.1519978108479782,0.010429374237864086
0.1493388098858278,0.010746733362270035
0.1514927790979141,0.010786705920495783
0.1477124020160978,0.01114019539624933
0.1555294151527864,0.011100131035259177
0.146521235337392,1.6750067871933487
0.1549889456440998,0.0300127412501363
0.1594602260976319,0.016924501671966654
0.1584514593301385,0.011906588826953128
0.1649513739725845,0.010437784687786314
0.1652309234531973,0.010524724472000226
0.1792629451708222,0.010022857170065989
0.1775969293758003,0.08986496239611538
0.182341558082043,0.04133054389682826
0.175060427706134,0.03886482973469279
0.185597217613767,0.011541610157103126
0.1847218185190111,0.011138711959148843
0.1825017294981406,0.010470434730987799
0.182216354398032,0.03005482469523797
0.1818933623868416,0.6762340629043035
0.1880896640761218,0.012233425649745907
0.1873045991718905,0.10410783949770361
0.1853868884740441,0.9246044876503382
0.1856849953849932,0.025678025563580068
0.1772046428487523,1.6569226678374456
0.1777983516315937,0.010484595409099491
0.1616203248611356,0.05054507810358186
0.1489464771554245,0.07081983139061655
0.1483731397006613,0.07117092237584133
0.141989689499943,0.012255815339060144
0.1433339775921255,0.06842829827727187
0.1343022847488527,2.5498573243954032
0.1237566222987172,0.06910826950729362
0.1214862724454114,0.016574438244849395
0.1152159420010465,0.12067197370143676
0.0952755964118766,0.5662687253755857
0.0954556384237691,0.17481266778547744
0.0942520322178581,0.011932152090630649
0.1140668496535929,0.011472844743357023
0.1150821169336625,0.22850301533152434
0.1243540491436886,2.548715285555194
0.1259731711020577,0.7172796048906684
0.1171719279382513,0.01088922297643917
0.1240072789001166,0.08085301097889887
0.1248793664646796,0.009875152310821051
0.1270867097054081,0.010101351983587789
0.142796627881148,0.011639437650482603
0.1427792403130985,0.6081617205962372
0.14378377533228,0.21247705006873796
0.1437212432500934,0.4324042359642562
0.1359065824094587,3.7781980776685216
0.1357132772274416,0.621453069843833
0.1356645544333587,0.09854787673990012
0.1376142482334811,0.712930251832977
0.1446541546641246,0.007887955209562198
0.146778349574175,0.15872945438447003
0.1470138937885858,0.0076240224240161575
0.1470157569182894,2.47551712164934
0.1407116622007276,0.00705359598256596
0.1425987222496995,0.6253903086998234
0.1277808916680943,0.008415694520146458
0.1323704793470242,0.01007369732841107
0.1322535457060497,1.0761113911567075
0.126884503235189,0.02901622502811391
0.1269351590839205,0.03916293448093767
0.1300919058675015,1.4799437949674308
0.1170826126593383,0.009528925504814057
0.1169635449411922,3.086207382008745
0.1163526074059637,1.3558941652634808
0.1168892334661326,0.04092753468884219
0.1160840604961609,0.1766531524098011
0.1178324242031361,0.024491129392358233
0.1186398244846278,0.008733191014860673
0.1134613236863217,0.009883303169909725
0.1137301747138839,0.00834949915794964
0.113394814865703,0.008782052618956105
0.1158980345275615,0.009858207512108232
0.11876845350363,0.00851356714455327
0.1078017159451655,0.008266927869319244
0.1082011149939262,2.9977807012036632
0.1085494627409242,2.2854110839767547
0.106180603142817,0.009057459696433345
0.106155453470784,0.12497271792997909
0.102376671760061,0.008785265370279158
0.1047039477965647,0.008660234996325502
0.095209739833201,3.0045394022985206
0.0949867331394805,0.01012052046175171
0.1012543785821867,0.009025911406915312
0.1006957396157895,0.008645190430548164
0.0993983178290192,0.008382437644180755
0.1009419710410545,0.06872983402735906
0.1000123013454309,0.007900790200350167
0.1010038912479178,0.010756787701943675
0.1013158952230919,0.007951344040945362
0.0933963257530988,1.677425511780657
0.0943399857017455,0.008209123172142913
0.0908046068892953,0.2877723635239412
0.0925368065239978,0.008364429952426297
0.0925636068560924,0.05653827547222231
0.0860697631110294,0.15305045908666257
0.0826158739271117,0.7736973565641679
0.0770975432232475,12.003131235513003
0.0830986773101999,0.008074266968473723
0.0875075971142406,3.472633301109419
0.079775536876367,0.0075132814689155905
0.0813410126577779,0.008018383189564202
0.097744562189171,0.007730686475669515
0.0933983731352351,0.01791657304449529
0.0946748829254698,2.965420657578719
0.098501690804577,0.009121471380933662
0.0984704695696327,0.20476435732749865
0.0978432411724323,0.23445300781122308
0.0932856806202096,0.7454361045849847
0.0932845605227725,0.2554183250179206
0.0946770645163326,0.007210797153065156
0.0982920690713473,0.16345102868177316
0.0996700794594712,2.893025243436286
0.1003792767175578,1.4029168337018685
0.1005074434803474,0.031804265713473785
0.1024121760769792,1.463286563292648
0.1011321102598008,0.046398555069443216
0.1110678535664526,0.053947636183341516
0.1184396142856524,0.8244214930973859
0.1152919867483987,0.0066612222311389704
0.1182490558511151,0.04668356931599045
0.1310392982596648,0.006855751267723128
0.1223248029098516,0.0067828900852318075
0.1219738068569276,0.008084979284423833
0.1208118301962465,0.1806282187330516
0.1178924598430566,0.11723622996431687
0.1193148882969315,0.007824241981148618
0.1174019234050725,0.036927151362147304
0.1175318749036008,2.7328368806937204
0.1198067887391762,0.018816160414673874
0.1198506015864786,0.7982725266867097
0.1119471071975706,1.258391466993414
0.1115766666915769,0.1452013086864798
0.1172680143231724,0.008064002756640785
0.1172626634544405,0.03859087724671038
0.1158672417999238,0.007858239511997666
0.1205295980477635,0.007779295937339392
0.1274546279559173,0.03824954608188559
0.1183065495079427,0.020721388557602773
0.1163071190842332,0.009645016194376133
0.1233216042708666,0.09374117501542631
0.1081455239246385,0.05829455214293676
0.1096447415462266,2.7439137001602063
0.1095911737172598,0.0089154748272262
0.1087066669187169,0.433443865227883
0.1153462999793319,3.3772499675968026
0.1199324039296113,3.147273094712905
0.1200834861397753,1.6225696750296383
0.1294557066915171,0.007961986383766153
0.1293112355958179,2.8547059116224736
0.1306607664032289,0.02405760280741616
0.1317474318754842,0.016645960195352236
0.1278707735713833,0.1475380938365728
0.1225687720913136,0.6254781499165231
0.1294694748576685,0.059394737877893115
0.1294177142947454,0.011019966273275146
0.133822147444191,2.84531521421656
0.124170337548366,0.008026056628391974
0.1309797631447367,0.011543882302527836
0.1294920914220829,0.08498605111073945
0.1228741087188187,0.008758214764814485
0.1327289652871913,0.03990776833132882
0.135688321003216,0.02047059849736687
0.1360049404723098,0.00899616018890478
0.1446436544434955,0.10489399070626661
0.1396515314279346,0.008304926066027406
0.1425669566981865,0.00868219011761802
0.1580367257975343,0.008980143380247767
0.155787859508021,0.019795650820347194
0.1544448233506695,0.009909042126033923
0.1536998613592192,0.008753654553905366
0.1530557153074618,2.9913522290202046
0.1540972551398096,0.008227356819619292
0.1621909905319339,0.008179470544103996
0.1584140684807612,0.023560918955182142
0.1717672631844933,0.052869078094272416
0.1625570259853192,0.008001620920880931
0.1573365724122588,2.5810673937734863
0.1471216206357622,0.008869836185221329
0.1465575531533027,0.009552062947338827
0.1473964126197365,3.894592011092789
0.1314772614601519,0.32023948923506207
0.1175454933578149,0.009864473830950831
0.1149909676553434,0.010354936854159513
0.112907808680639,2.3453990230937585
0.1141846518333992,0.00985251490328475
0.1116255417630906,0.009894029381160284
0.0967549453000521,0.009813222393887195
0.0985432613016595,0.011001428199021364
0.0989975159996686,0.010687454374011555
0.1015184347469495,3.137261328943703
0.1032936269892398,0.009802297964647324
0.0961766097294832,1.3545602740513338
0.0841916484341064,0.048157358705339784
0.0835770593656418,0.010060597140840758
0.0703062957720211,0.3468797016643675
0.0703604646417114,0.010872713903752664
0.0717344421289628,0.010274958573455947
0.0725670959323993,0.009848150754750136
0.0712617665977633,3.14942772526371
0.0908888366250365,0.009236412037081271
0.0946228031990117,0.008871877956421415
0.0944602962605645,0.06621335649272327
0.0935070590469402,2.4705872181941135
0.0933793801236415,0.5870209186247405
0.0929623259971238,0.009515513639055796
0.0947836393950205,0.11375176161226491
0.0976417740407076,0.007159576492114579
0.1009045478930863,3.1912352945428983
0.1021493397637537,0.008160720913347491
0.1001443093389028,0.07755419560000988
0.1077721826031399,2.780431230546847
0.1080765209932878,0.006995854516357448
0.1087323011497546,0.006866229570607702
0.1084709629218389,0.006732245848688587
0.0984450185622453,0.008106752499559059
0.0992939668677204,0.007658676210592402
0.1013821546178152,0.03000837690305229
0.1042429906809227,0.007103349217757724
0.1109430807096088,4.016630467513551
0.0963112795648114,0.05508919144484138
0.0919519195549449,0.8112953523121663
0.0919119244444722,0.011348153400770828
0.0925325026474502,2.733179082053275
0.0929463368980894,0.010601929145964688
0.0959150098278482,2.9802613601036914
0.0949116448349435,0.025487003672552872
0.1120987263729937,0.05726911494100769
0.1140899368890244,2.6845064949270485
0.1159065023795813,0.04322904394807771
0.1180844953153225,2.5216082581014305
0.1098785265724903,0.007071881737999818
0.1112304281046461,0.027487636532592768
0.1108093132940269,0.009620441232920156
0.1110122169680584,0.026270763109836816
0.1113344990070674,0.03298384125116743
0.1239764719748333,0.00711572904356878
0.1230251636754647,0.0076459633883241155
0.1219100974387495,1.9540617897969688
0.1189929211108269,1.031141938613143
0.1217289372610081,2.990366314555937
0.1215974495916698,0.023515819724289372
0.1394242802865381,0.08296513590815437
0.1389966547385719,0.007165777854301826
0.1399999476903954,0.007085936078055468
0.138186799047444,0.007432862235384719
0.1383238413875525,0.017475562923313995
0.1209488509167409,2.3155178982510733
0.1173973961402154,3.0245736606333127
0.1139184017231845,0.05799852912295274
0.1200602139214812,0.33875093647219895
0.1206443564186794,0.00891121393187214
0.1219301681570637,0.017212420571615848
0.1249008418158188,0.014896843988904002
0.1239902345238633,1.409576485698605
0.1285031248403566,3.1456666352538165
0.1157055155674712,2.5678562678980064
0.1136114547165761,0.012255488784065764
0.1156490963320504,0.042524208381909255
0.114725871626332,2.478244242766155
0.1124789106986567,0.00872521437855756
0.1152076615829399,1.0473758382832488
0.0936442731659845,0.04035181754976853
0.0944186365084389,3.9692347384087943
0.0938215968065529,0.013344114770880938
0.0945531868373506,0.009081136998606945
0.0971910050932555,0.008727794495529552
0.097193436217542,0.008381866911823124
0.093382488234565,0.010631215870088886
0.0968211211160433,0.008236946764879611
0.0879579302526553,0.07647094474001467
0.0990863522328543,3.069114132315178
0.099749008574284,0.009016492337351958
0.0967282744176288,0.6868429475345169
0.0965243341374997,0.6025440133136925
0.096803636591811,0.06178590170945497
0.100290163364321,0.008229766142408449
0.1121848196400107,0.010734017079842199
0.1183429902663908,0.007707688415828016
0.1159080129635462,0.02380133771973488
0.1145764661637824,0.007680258217505396
0.1073768550440499,0.0075511972003214104
0.1079370873944408,0.00797098552103859
0.1158286960334374,3.496988391280888
0.1258298482977457,0.49045680383371815
0.1258560542768174,0.007124119881284578
0.1207565506426271,0.04160145683659935
0.1272352547727287,2.998211198530588
0.1284402111777146,0.017291744104318846
0.1377678064441554,2.9389395981554247
0.1374813729161363,0.05220046322713817
0.137155781495929,0.3982828241620817
0.1393911872818496,1.4898276921610074
0.1447128797731168,0.5909256978991837
0.1447063254423659,0.007698779288152251
0.1399464331867663,0.024811287465855755
0.1388702688170154,0.007921698695023025
0.1284812462771889,0.007969705067358184
0.1181720963485099,2.136166645582219
0.1178919162576703,0.6818507312706081
0.1195306226452874,0.18546759779446703
0.1195304798349453,0.021906434163300716
0.1116177509018595,0.00860329456013226
0.1096849273687519,0.0215716945092997
0.1045820722610659,0.008812455062897944
0.1058266856845365,2.2564459650410744
0.1092352197528157,0.009952408893425631
0.1071851993578316,0.008524104781714805
0.1071337450128452,0.9114969031121081
0.090814286719634,0.017999346013316812
0.094332730101589,0.6176906469503392
0.0940926192407342,0.012929508483883472
0.0861515087775756,0.13231442262184476
0.0798062370593211,0.009514148090724673
0.0883563792633744,0.022756506307933376
0.0883845110312925,0.009131340760636876
0.0875685160908567,0.008679240977928398
0.0877937512292279,0.008570108772838753
0.0877285941214864,0.008094528976391544
0.0902899132272014,0.010909446978578511
0.0811792715256173,0.2417146790460416
0.0803141669137319,0.008081392710730792
0.0836786244623634,0.03953364924778583
0.0837160308285607,0.17237507241939817
0.0851092194046744,0.06788866438326781
0.0842392991350925,0.008793471322662899
0.0796737476643509,2.0797121565156282
0.0780280244395655,2.1265073131433807
0.0779688570630344,1.1749365894707622
0.0709794705940253,0.04911472658834743
0.0671135937845944,0.0075004580903234915
0.0620005409967069,0.29896034987550957
0.0642018090942845,0.0094362143040435
0.0645937593575088,0.018037891325894367
0.0557195495966509,0.15508717233295663
0.0553116903591482,0.009737226869614847
0.0541289098151317,2.7741570015729766
0.06059263202731,0.015227053231988846
0.0724028094699292,0.0644415895242106
0.0705302073711822,0.006740972659838889
0.0706003315299279,0.05694758566814221
0.0718236305025005,0.00676821798845153
0.0889233478879371,2.326124558041906
0.0939564358280197,0.006755440857142035
0.0967707849037538,2.4926937986767608
0.1026717941179125,0.17255600692145112
0.1019334131108507,0.006339198245154219
0.1319236731086127,0.006301005765219759
0.1328927984701493,0.007658671186774718
0.1392060517086778,0.04556049125738363
0.1385075985898704,0.009359052499440357
0.1394493265181393,0.05392252044109187
0.1493839801923139,0.005949839578351305
0.1568420960998013,0.007148488073925555
0.1671629711542098,2.2347611281836057
0.1930233874402591,0.006123147856302234
0.1977051360055668,0.005981830720099843
0.1919486343895132,1.8777008323247357
0.2131254373431853,0.7954951783097954
0.2122109117303216,0.008000640053290308
0.2116323673351552,0.006990250451479582
0.2202136719082354,0.05887275372483506
0.2161667181612406,0.006737354740674306
0.2239420973217382,0.008048210568510945
0.2226353279535212,0.008177923017647122
0.2222189161110941,0.008188828635110513
0.2222259507862377,0.008447692984438487
0.204453236797199,0.008104053859669611
0.2058686463078332,0.010793463361570567
0.2055300564176868,0.01037947718509341
0.2059947377579568,0.010474512207697627
0.2045503380683346,2.56714736061162
0.1988838188517307,2.936887057695158
0.1909537737914062,2.1487062626839504
0.1771989363729086,0.010974252507497907
0.1576207904445489,1.1474431413056734
0.1570538027996918,3.175992952328536
0.1543752127655182,0.6059925223649236
0.1507811791866698,0.12021617005034202
0.1546943744824722,0.01636056188205373
0.1550533434676832,0.01484679632731645
0.1486668638961725,0.013275971650535984
0.1507592131181686,1.1642103725000088
0.140000782276024,0.8198837643931146
0.1399229844065076,0.013166664297125071
0.1360480589503665,0.07746384282538309
0.1363845236397138,0.8204136934031869
0.1484419648966306,0.011534457680632474
0.145178750706997,2.6935898875377506
0.1410551585938882,0.016537731497086337
0.1407021244389397,0.10683134334303841
0.1411771081957605,0.010235156140236571
0.1392533686249492,297.51907636818606
0.1395515530817714,1.1968076983302118
0.1366065518195596,0.8969502420139641
0.1165475465019563,0.061481098878765204
0.115841222925294,0.011055081111151546
0.115570520005411,0.010644197962427488
0.0945583482147844,2.0228585854610963
0.0988620494871469,0.7196597182558041
0.1019937018198078,0.011054457184357307
0.0992452213728753,2.1750979021930084
0.0973151640505847,0.010488911365910413
0.0977206751690249,0.01027060797264618
0.100356648532045,0.009879963677430027
0.1061725950116905,0.06646768820046163
0.1051502462295967,3.0158909730346504
0.0891961284228309,0.008797209268981917
0.0890107237712577,0.009761314336890536
0.0895566862567018,0.00933879944461933
0.0895380357091405,0.008818840673477126
0.0960743117138309,0.008571870049037882
0.0954745149799409,0.00825083312928956
0.0952393499480339,0.19277930758493161
0.094869090376577,0.007711663801454916
0.0878272178466446,0.016039971509116794
0.0890492829267671,0.03390313127336837
0.1154656588972027,0.007550775360357608
0.1116957150245814,0.007320068948793584
0.1069722308374158,0.3846262808456637
0.1103048462240735,0.8335558960535685
0.1385131193609532,0.008077503588022129
0.1399083462143982,0.008000618034821915
0.1393565956964399,1.474777451241974
0.1371844871905702,0.016057200979051733
0.1340694253199829,1.5625012400286438
0.133667728562768,0.1452813031451459
0.1364165943960112,0.007672698717194723
0.1443874082617612,0.007354607017827322
0.1449026819608274,0.009746525245062287
0.1453109215011985,0.006979675521139289
0.140673281223533,0.07082088883731266
0.1414559801458958,0.009004529488702461
0.1414747787185886,0.007042373007974036
0.141526082485833,1.0871127600507906
0.142165825615577,0.006652638644946488
0.142167978366108,1.5986677434037426
0.1182083755517778,0.006398136129773856
0.1181634077451193,2.093289793679846
0.1170742282149375,0.008670017175001444
0.1128069028991168,0.008348247412079186
0.0782454975902099,0.7391662348287463
0.0745766424855912,0.01120459005395151
0.0765692949772441,0.010938948919225594
0.0776315209207011,1.0338691075065947
0.0806899154846388,0.08177287620070739
0.0834981643753598,0.00955780130834379
0.0793475092263122,0.009118856294749685
0.0610326592442801,0.984758081779429
0.0637898517283746,0.009677389447225977
0.1284118024032453,0.00924112977725337
0.1283868665387255,0.981457560274393
0.1342767808546325,2.7134613914802346
0.1355505264027693,0.009452167269633997
0.1406529712538412,0.007951081797841536
0.1395416198273067,0.5525068842796111
0.1443688513806934,0.007548641011616687
0.1476566253142892,1.9704543287574996
0.1475372249701122,0.009974611039381466
0.1474367551907615,0.007001475647079888
0.153270317609622,2.4802197588250223
0.155180642446673,0.006847954218157337
0.1592461577318291,0.05948687172031572
0.1589248014891379,0.024349843287054192
0.1667594096369475,1.057265094598335
0.1635500555364475,0.01160527572083458
0.1635321797258234,0.006698099450828926
0.1779125748000303,3.311703737159148
0.1769371050008136,0.9694223704267615
0.1807833747088908,0.0064828667156734835
0.1449882534285167,0.06148631001990744
0.1454868417658391,0.01164507292309422
0.1412927099272007,0.010660073915047969
0.1411283754349948,2.983035449221682
0.1459626652235675,0.010661359058387802
0.1492122449674099,1.416462486890097
0.1448431610873363,2.990311329752733
0.1384592320711319,0.010399765175185477
0.1394051510646508,0.03233877260466201
0.1417636026063386,0.020904299175869785
0.1370736362130634,1.7440747862881842
0.1363961437481311,1.9664510769684767
0.1288903298039037,3.342739651673165
0.1343471471989298,0.13607473729310043
0.1209746733200621,3.3360081159936956
0.1210508635081792,0.5989084409732427
0.1224678550683862,0.22652602392892407
0.1116702733484615,0.009406796944243593
0.1111245697391183,3.4722650166642577
0.1067121809252034,0.04560697922177272
0.1026436270535186,1.987723187582869
0.1024537108849238,1.4523224102266126
0.1179180127639488,0.009949882393232627
0.1184490251228882,0.009180437896373413
0.1087679868980831,0.023233208791139198
0.1035771950386667,3.3737263831808333
0.1164011164661027,3.0793234136697905
0.1290777540060519,1.4996670900031186
0.1415260565904203,3.036774840805095
0.1451883142326272,0.052347587938757885
0.1489332363540982,0.008775359559064909
0.158046346233078,2.0717639478856316
0.1593138755601642,0.028526003219106616
0.1802811222292633,0.008010141723097022
0.1768565636756673,0.008882382283482608
0.1792639205697161,0.00819938111749741
0.1823130646312152,2.047066311792683
0.1960633869164548,0.007672833582002057
0.2000122710093237,1.6753065190028567
0.2000175887733675,0.0076907667290212435
0.2059393527554908,0.39447439872385776
0.2059654957636462,0.007187555691412366
0.2001299808993504,0.00711286077967108
0.2129904187499886,0.05256674473014096
0.2131503201062825,1.4829756506814196
0.2162306880383961,0.026895629717900167
0.2098508847062295,1.9954301970460122
0.2101314008474593,2.540700859415539
0.2056222998317685,1.3899829351941986
0.202820778243675,0.6103311879698465
0.1999766034500189,2.884364471114288
0.2600673933574745,0.018369693046811297
0.327403688383826,0.06512795058117847
0.3184694742248057,2.876209146569334
0.3205536447203089,0.01414602860270822
0.4924704505177541,0.013676704750893918
0.5152368407374088,1.6196223443088829
0.5137086151548105,0.746749635269279
0.5142738144379423,0.013890110534720224
0.5133052739667621,0.8466178784720426
0.5158892014225781,3.2067957010181183
0.516200585953809,1.4890928462587834
0.5210962324358355,1.4894277237789209
0.5263552351090454,0.011566196594271274
0.5305300383839392,0.012228378376761958
0.5364048430389842,0.011602720085541168
0.5373759568022924,0.025654190625923133
0.5327376908417802,1.0536374447747467
0.5326668089182609,0.017711049126982313
0.5325385822764628,0.01260530845746404
0.5326744764690141,0.011508204962369095
0.500855222642732,0.010977440736132969
0.4439662711779963,3.0539320016778104
0.4460107323143449,0.3782758207359738
0.4391733649024036,1.9641358174272534
0.2657239335283455,0.02402008598266695
0.2025827162962701,0.1660394400395305
0.2221020645948405,0.08179573337098811
0.2214035503245334,0.03709184336614779
0.2201513056091231,2.068564202667472
0.1958537379995891,0.03288530039762812
0.1951690676155789,0.03177620872548554
0.1610675748852777,0.04220066524288215
0.1497386111647847,0.029059388289632126
0.1656987298491746,0.028386950573695453
0.1540362557173307,3.169406180897031
0.157264530701866,0.027829096596039177
0.169485851261078,0.04093106075177996
0.1722892528612809,0.34857430495817765
0.1720581791150178,0.022010794561760295
0.1720124237520572,0.020698407748995507
0.1665039627978202,0.01960815937691951
0.1641581433129343,3.1285592778461937
0.1592639999551789,3.170843495616352
0.1617403397187737,0.017222723049885
0.1632719348779694,0.01628004306527249
0.1627106674153272,0.01548935199527301
0.1206793233654501,0.014639497242511755
0.1202584578662331,0.5174121853525028
0.1206530062136687,0.016238745643841826
0.1277752866724433,0.08813467545144886
0.1301321390206865,1.0650286832402764
0.1342203206652668,0.22593389654530227
0.1335623972559065,0.013097041518321376
0.1174296995558597,0.10238722312103542
0.1213682257858561,0.9887506104919158
0.1214330626497012,1.4608215124679513
0.100925103533631,3.538805369152021
0.0994406730005258,0.020929440851146598
0.0997469028971938,0.1207864935620776
0.0993287556008017,0.04761844854873279
0.0990986170072539,3.4133566948495706
0.0986421311174081,1.1205319177486595
0.1001994227910845,1.0794858861411036
0.1031737833454142,0.8023341178697762
0.0993974429702932,1.606214740468205
0.1003594220911045,2.572148925858377
0.099543953127759,0.009191674775392658
0.1000012784266879,2.648232643330906
0.0997214099699751,0.13397136725740957
0.0901947375031399,0.008309916171624361
0.0861862544418025,0.008823124537324364
0.0778500266655172,0.18731636995683995
0.0781533052828147,1.9820562996716233
0.0760031954890379,0.008642876299704472
0.0718188049934077,0.008301802396925446
0.0682680138849355,0.008470492598889668
0.0683462882919311,0.008745906239994975
0.0655864516692037,2.376083381442845
0.0650978236539245,0.1809130347888448
0.0658639188766381,3.1715683983632177
0.0662696358171874,0.05106849804644173
0.0675064478585206,0.00759390379808041
0.0869967713350327,0.0074175066446908
0.0983908983426768,0.007345820295978154
0.1005316850596844,0.17787299018038247
0.1018634848343489,2.2155857997441
0.1016793338365299,0.007516279274792176
0.1036186522556648,1.0990783040742411
0.1041222346429922,0.00960854533583447
0.1076625166399838,0.08618411126046192
0.1076796937937334,0.0991529279286567
0.1064753534066787,0.0066237317740007375
0.1070411972387153,1.0049756601425897
0.107134486551234,0.006479123282819837
0.1096290691630837,0.00631351071588948
0.1064578882153801,0.03527407176219714
0.107559156185777,0.007016790876304176
0.119612522957342,3.261603240142498
0.1209277459428972,0.006253124747484373
0.1210517476848751,0.19890848247226084
0.1209146213173323,0.8131008175398199
0.119915325453468,2.739849809972515
0.1038767937065547,0.006001195422827059
0.096279923499299,2.5819486215343974
0.0950923178962435,0.00894295344881163
0.095738921269543,0.02139430368035369
0.0966184945156345,0.008682733452681295
0.0936014356222409,3.157907539900086
0.0930845192027978,2.406693448659192
0.0864723428360873,0.6161249811050112
0.0901142822959482,0.019177993353529193
0.0901827790550894,0.007991387828925839
0.0905589056716028,0.007685923301061269
0.0909164314753486,0.00756555847024887
0.0879741525607609,0.007199948932030684
0.0872271092244763,2.5864756148093897
0.084989897784733,0.14471278598705012
0.0707687076662523,3.233209113963042
0.0720698240410794,0.18050045586565752
0.0734753712850598,0.06278907682140968
0.0763587094517249,3.20803028400454
0.0776919759813238,3.465468404093365
0.0731644961380395,4.018386191279029
0.0652662212404441,0.007348675128992144
0.0643101887390233,0.007546423314939642
0.0598762646175594,0.007443942653795898
0.0577992642616232,0.007552735288158216
0.0581036900213513,3.217732249048112
0.0613355128018489,0.007130201866126597
0.0631455343998276,0.006915493721250502
0.0601362828768449,0.04296943433644607
0.1179696149122843,0.006952246754372813
0.128859628659792,2.5816127972735874
0.1288339812752663,0.017512035945901817
0.1295005786314317,0.011521164592100145
0.1311260540880901,0.006381273710880312
0.1315088102003449,2.941370354246279
0.135610589261755,0.03459328106925609
0.1338928513759646,0.006593427091934286
0.1348435167942751,0.006466472814310945
0.1347155419878366,0.006377536618539602
0.1361022712047345,0.014606679539486576
0.1411323272950383,2.245337012874661
0.1409620503856697,0.9303772852880469
0.140832531757942,2.317952080254124
0.1476209722690764,0.006227963568332823
0.1478458149181794,0.006549672951417456
0.1475673413493227,0.11736143199845057
0.1536973730475329,0.01018108484230557
0.1527701409589787,0.006199172134954787
0.1574752694124912,0.07025644491977168
0.119864281095147,0.005973520344445969
0.1202604798173041,1.6156177335389121
0.1199022555638033,0.011112422839716007
0.119453355239276,0.010574283231390518
0.132865019964827,0.010126444993767627
0.1316745812913877,0.167459583970487
0.1308347859807918,0.17261541589678253
0.1338652951071397,0.9798714230290052
0.1338086213064898,0.009204775637949268
0.141600796753292,0.008991464985470212
0.1433226124682984,0.008748662634912724
0.1471298308578745,0.033740551495766415
0.1513390772136997,0.009027422253310756
0.1537892383832065,1.672280694629417
0.1499610502002002,0.008086249785831844
0.1504569528562051,0.7783226838637762
0.1504526549260895,1.7130472171592541
0.1442421438631042,0.008097669703042444
0.1438585269751819,7.5119922691326435
0.1375670255662261,1.053346697957002
0.1383527025800217,3.44371045008809
0.1272775847651486,1.2018048105573866
0.1291663392205201,0.009383471860726092
0.1293591003235014,0.008952985908915538
0.1203347583623245,0.008797210460013246
0.1205607456178219,0.025489669833634602
0.115450215547883,0.014412684880021759
0.1186306515301512,3.1494391891329783
0.120561389640838,0.009727601841126917
0.1068785243203516,0.025512696258055273
0.1041327407972231,0.025077834312356707
0.0936597640862614,0.010168964664257164
0.0894058676668715,0.01055590672995475
0.0870006139293298,0.010406564879212543
0.0866720588237794,0.6400645943255876
0.0848799822107784,0.16056945908462197
0.0894050377096278,1.1457055229922584
0.0887980877305591,1.0514084951744556
0.091784702908962,0.008682955801178666
0.0937576163215578,1.03075633222241
0.0938727806517908,2.832075965726576
0.0937561817976312,0.0077373887178088675
0.0937403493898266,0.03225335199709088
0.0935962723075994,0.007432920820749145
0.0841214222410268,0.007134757775889484
0.0863298367115368,3.4462361283484193
0.08549217434095,0.008922637111118336
0.072942400043856,1.0088673603433402
0.1042807485299226,0.008033518030758588
0.1073417973550893,0.008012165120362806
0.1066739501349599,0.009136990304994267
