target_vol,garch_pred
0.1460493325096186,0.08923430775101245
0.1477936884528958,0.08872492682083764
0.1481441821329317,0.08601100189742149
0.1482244181354937,0.08342136539834438
0.1535775474672467,0.09150897440373569
0.1462800893011142,0.08964530564802074
0.1708181167633937,0.09845241063661453
0.1655959684924955,0.09797259285824278
0.1676135586341478,0.13059717409013918
0.1712894525247277,0.12483384658702011
0.1711341228709675,0.12059167399387626
0.1420342362017648,0.11729325300057432
0.1395216786843594,0.17549067664789966
0.1388406545607911,0.17148936596273276
0.1353163738181478,0.16446572970187648
0.1329432984370802,0.16190358307993868
0.1343841509678332,0.1578185090390214
0.1314898307910059,0.15431934799431066
0.1337200731594488,0.15250391473961036
0.1237771129704137,0.14600324690947583
0.1244090366087384,0.15395427809490503
0.1250469030974796,0.14628924530356044
0.1212730018720251,0.1482330819840673
0.1213374143494027,0.1458396286461476
0.1058033220623036,0.13893799524203942
0.1052098183093377,0.15112502422162508
0.082342551426415,0.144399142692532
0.081775004212401,0.1740656656599118
0.0819033466124035,0.16976575159537713
0.0818397099961182,0.1635153610062308
0.081198038302543,0.16214799080481002
0.0815994830812458,0.15499093045616835
0.0804490612407244,0.1471216454088734
0.0805744484947367,0.14030595864115608
0.0799704547836979,0.1345732936752642
0.0820541965365227,0.12842483862675647
0.0814505263653083,0.12240299890520905
0.0818533289712371,0.127126113644567
0.0790469125678311,0.1214631547872545
0.0790063952138409,0.12453990905068775
0.0818727885109974,0.11931935653913354
0.0717677806853527,0.11440619856720925
0.0749226024441883,0.12220261815265591
0.0767968607790575,0.11697531853871444
0.0767272945541105,0.11278428727318467
0.0723209023316205,0.11035815005505989
0.0832413650209478,0.11413550855434473
0.0836184948362753,0.10964624043559551
0.0871290660678515,0.11154605202913451
0.1359547481848506,0.10723564844280652
0.1472467201744415,0.10770813772896609
0.1455867236866107,0.10332610019782033
0.1635808810542802,0.10145461506704555
0.1635277889334966,0.09790633530488314
0.1676771724117412,0.0962684640956824
0.1788046383997646,0.092798913222742
0.2054095087345996,0.0918757432416774
0.2050451188502367,0.09689950203597228
0.2133305939277029,0.09460593528615581
0.2182448908374086,0.09681916753715372
0.2173151283858814,0.09373138543423272
0.2189743550989658,0.09636581326874653
0.2186629796246979,0.0951322446770096
0.2331862591333657,0.0960095287857121
0.2383726785001196,0.09756303127735577
0.238444274942143,0.09485926655318626
0.2383589688124332,0.09292603609084013
0.2417863408550836,0.10812840680479976
0.2403014133668808,0.11451999792546379
0.2131905348704234,0.11750383409799812
0.2112995734300642,0.1975461175425299
0.2153179272621197,0.1987683902539081
0.2048508846446262,0.1874898942676976
0.2028943404793597,0.20223347830506538
0.1967893848605703,0.19473737340730085
0.1912255309762568,0.19576122490880385
0.1512676464438704,0.20007427908172215
0.1518176838590599,0.2477078047634347
0.1464326399296645,0.23329020195795996
0.1415880174750757,0.2314472995442183
0.137488777176254,0.22577898545441188
0.1356167638424229,0.21714252243751145
0.1372803905359536,0.20827120696056134
0.0926315661913965,0.1964724278991109
0.0939479154289411,0.231846434602582
0.0927739765244391,0.2248854639122986
0.0919592615755788,0.21325614590416572
0.085233415797398,0.2037423879601328
0.0862176595502996,0.20210009750021274
0.0949093231446993,0.1907610501792011
0.1071340009121188,0.18331144285789439
0.1004247459962253,0.1817455461751514
0.1127496623121863,0.18287287267293167
0.1135394234816142,0.17276134034142304
0.1253803183401607,0.16334870827145165
0.1277638155218402,0.15466049424460343
0.1298948697272335,0.15025733454801174
0.1361063334470335,0.14314306930495493
0.1358015577239971,0.1359934519147411
0.1403617469681936,0.13069433283363605
0.1404325750066063,0.12463910651630702
0.1408822739389886,0.11866655325843431
0.1407343185079836,0.11322021569838238
0.1427868613756204,0.11186691716333515
0.140201621939938,0.10701572793595343
0.1390795146336457,0.11198360013613337
0.1388320389363241,0.11048769595962983
0.1375031510990838,0.10668677784830745
0.1378918585054784,0.1071000767214261
0.1291861613252085,0.10464530676422884
0.1067010095009023,0.12032016354696058
0.1062953111609548,0.15016697772340934
0.1013005913641711,0.1475814460274766
0.0987264917188082,0.15503356478244085
0.0738770931697503,0.14913353907679383
0.0705514858127805,0.16522306286592092
0.0689791676467281,0.1628490494649808
0.0624847033001684,0.1572734142981433
0.0630886909508526,0.15718021573518579
0.0559784926960123,0.1491049066219254
0.0548902155001429,0.14923588573120233
0.0547187999761944,0.14196596622951543
0.0531068476135362,0.13524539347839287
0.0505966621473967,0.1312377811007939
0.0475151419032869,0.1287865338035095
0.0516977770247659,0.12429986753854096
0.0530862330657623,0.11898142630006643
0.0523452557277492,0.113620997376763
0.0549866919386674,0.11002690634695429
0.0545439526525986,0.10840161284221589
0.0552001505887693,0.10391854331931799
0.0564444018485698,0.1004470098748874
0.0604299502534268,0.09810778002555655
0.0649323274123648,0.10445772802917959
0.0678151090043646,0.10167617878233329
0.0678938011273228,0.09809678626793876
0.0735135251542135,0.09439731842231361
0.0747943644213286,0.09217951378392848
0.0744650971878242,0.0894487963788129
0.0746749309837049,0.08757402993331147
0.0794743336726813,0.08510309833895689
0.0795078185033405,0.08256387028639184
0.079154944150494,0.0803374379918205
0.0792183333802012,0.08544316655370428
0.0791407001552731,0.08284878307552188
0.0775183763663837,0.08067058943314803
0.0771373184176748,0.08194291692198745
0.0771387424126035,0.08060924766583297
0.0741733748993063,0.07888074124465595
0.0753763816179433,0.08537559273594829
0.0748944964495868,0.08318124287801282
0.076789655672652,0.08316402145556924
0.067444369043839,0.08408016507562524
0.0643130466144188,0.09504555790099396
0.0724272284081617,0.09957399356361202
0.0727136576733808,0.09989422244725513
0.0696917042881221,0.09613547786754481
0.0687082403355351,0.10256169155253193
0.0697982674882587,0.10046888213391655
0.0721227527144127,0.09696475385581535
0.0702703270065447,0.09397172046949526
0.0711996128702094,0.09962327728596472
0.0687197449019133,0.0957224583838459
0.0724520732232924,0.09766974548461094
0.0721834238182879,0.09397592471046076
0.0732056614921378,0.09064166296072675
0.0728083271624803,0.08933676857237424
0.0728278065148887,0.08848726093099787
0.0818013893452298,0.08569294615875278
0.1006764519801568,0.08312873811974604
0.1071267603780185,0.08428554949650185
0.1048227365434109,0.08192960415162844
0.1050240850621989,0.08617792766083898
0.1203538625970757,0.08397183424745303
0.1203714688076506,0.0932367144348735
0.1310239558674738,0.09999598720645937
0.1354992322276777,0.09741906003299462
0.1349541758959674,0.09551993196748092
0.1354739439914717,0.09510915126317813
0.1366580809477581,0.09696250559205671
0.1351272744977248,0.09518317232019101
0.1360191983514154,0.09719055574137281
0.1362852239363966,0.0942314973328485
0.1338066863009543,0.09115865367443503
0.1341407895630392,0.09659190734450929
0.1344874676552818,0.09378766130119583
0.1357119829286291,0.0914831392610257
0.1413854126513487,0.0883506080046219
0.1838088513549881,0.0854776364889614
0.2058177302733125,0.09717166950970105
0.2008217043341096,0.12896424255510774
0.2531588308773159,0.1328811843915887
0.2514479234409507,0.12646446482159499
0.2971255255855883,0.1210494558657228
0.3097280821960693,0.15287960057524072
0.3428926685025787,0.14891230920526802
0.3557988524713946,0.1602397256405237
0.3568169061875942,0.16179936937712813
0.4462479621946643,0.15355796157018173
0.4918087233989738,0.14878057418525534
0.5128234692400497,0.1452910333227225
0.6004563824509481,0.13779141934282182
0.692156923809228,0.13417281743823692
0.7829769947581173,0.12777385555122195
0.8201423437093751,0.1216197474809444
0.8273060552158433,0.11715534224586713
0.8289068164771453,0.11377778036661881
0.8340135995502702,0.11159695493886758
0.8325850409655522,0.1215365849625775
0.9098522825807056,0.21516358822615014
0.914544023778538,0.2625184146593246
0.9354270986769476,0.2474948896357968
0.9392421852456582,0.3406501095843938
0.9325941275350328,0.32007905190539365
0.9297264158428576,0.37370432384951296
0.9208756813743464,0.3843611685649202
0.9247698331450118,0.42002050498730675
0.9245640932302636,0.43432409804569194
0.9181400726409245,0.41678250191347427
0.8976196026437823,0.5891564167061626
0.8894423923335714,0.612351515223932
0.8064739911256213,0.6340601020685441
0.7558525749439252,0.8075630902785765
0.6203738284024833,0.8735691128114456
0.6064397805604828,1.0334166769580102
0.567978378146261,1.0042246308183496
0.5713695786505419,0.9794828535762946
0.546021758847372,0.9136631283914047
0.5506308632144187,0.8864007144797124
0.4737582735115503,0.8395668129022085
0.473393392942421,0.9120206231719297
0.4355524515583633,0.8543956582106302
0.4174322387357055,0.8532675634529524
0.4076039891155781,0.813721098057124
0.4075889193619298,0.7780144709123953
0.3633156364866419,0.7310091160137164
0.3793566588423419,0.7278430224519147
0.3719393917423539,0.689692696324234
0.3020116058591822,0.6488724777898575
0.30425915842519,0.6990341134783971
0.2857820656646138,0.6523579556795822
0.2865880270146557,0.6335245425228255
0.2834399903568145,0.5963196616164138
0.2770792535733062,0.5589864690138303
0.2735339803272887,0.5438816432517879
0.2760951097470804,0.5216197939126198
0.2595552886332323,0.4870978410128955
0.2714496015480191,0.47592490095519135
0.2468688672121671,0.45527882673298337
0.2423906510371474,0.45839582972002
0.2447890577526691,0.4430963091934816
0.2412592482863196,0.4133904231724989
0.2399837887613318,0.3922402028402758
0.2426920190281557,0.3733705643763263
0.2275928311000595,0.3494444411743916
0.2239963478958754,0.35405540344184006
0.1957189474060157,0.3349155398456503
0.1962735151214298,0.34725779308048493
0.1981578228773612,0.32430586977027565
0.1955818249849611,0.30624725930938385
0.2076347528960605,0.2888244551261129
0.2050628570838867,0.276674971090351
0.2092225058213724,0.2724317792469617
0.19207549298332,0.2544248247632693
0.2901268506251144,0.2640943597887704
0.2901300252393554,0.26704413467734045
0.2908938503709192,0.25700794882657657
0.2800644640265873,0.24119029663222233
0.2770272534817952,0.27699586819190564
0.2724473928626578,0.26590706956327026
0.2719343027655871,0.26381828191648954
0.2722704633483443,0.25024892469026877
0.2700675346586607,0.2342102482726845
0.2834227748239754,0.22812227706637145
0.285629408558145,0.22700638511503093
0.2985898905498619,0.21302038152961328
0.303028210308804,0.20061027133438952
0.3050489841214351,0.18892967614359912
0.3023258904238066,0.18198921182429423
0.302779740921301,0.1841242397915822
0.2938082437224429,0.17380579421095066
0.2922645084888909,0.21176569559410463
0.2929143480208931,0.20786838797779078
0.2929407020791279,0.20000491524662437
0.195334618763022,0.19078681935755742
0.1965170945236154,0.37257820837242045
0.1986956246853131,0.35332769135345726
0.1904210672388721,0.3334770161105354
0.1900976962768817,0.32732267521147856
0.1900826259108669,0.3072288870594452
0.1891435033755472,0.28743486077627073
0.1885771976252134,0.2712937120210225
0.1887936186587905,0.25588905379209664
0.1664942386854971,0.24062632319139857
0.1671491089203074,0.267550258974812
0.1361496205193629,0.2563033159456895
0.1342617572260682,0.2750098528897074
0.1337714144845923,0.26825358259970256
0.1344805914260289,0.25952148148937937
0.1355333138318132,0.2454733653497011
0.1278458682599062,0.23151068733565533
0.1195665934161297,0.2310570869788846
0.118865870826535,0.22483112965203436
0.1156609963827004,0.2141729160381235
0.1128133947182533,0.20397486331556275
0.1046156921603993,0.19824460102011454
0.1055918441256449,0.19307722523962145
0.1109177359512052,0.19304446504231762
0.1100312929399483,0.18706436651237754
0.1103435878862817,0.1771877603165618
0.1083104422121639,0.1671038131963391
0.1083108006028701,0.1623247212601694
0.1095771543405406,0.1531180335982664
0.0971952693819326,0.14692118286143271
0.0915333204843319,0.15509347559006398
0.0938645412380848,0.15140811435889873
0.0871641595240784,0.14726581396208657
0.084487415481051,0.14431111286792395
0.0806224800327797,0.15003224814726185
0.0797781114590823,0.14355443087970063
0.0826086378864071,0.14113888101678854
0.0856109177374181,0.13765804871636414
0.09378658464501,0.1313655219721245
0.1656052034153952,0.12797850749290662
0.1692388818162542,0.1255925875124498
0.1975851486727592,0.11917473071057706
0.2072366407583842,0.11395847361246782
0.2113909483061145,0.11912706017603916
0.2113648631518795,0.1338786103501609
0.2167394904235583,0.12754479679041908
0.2171755914221979,0.12104977667255988
0.2175832203534659,0.11580744554263726
0.2193981677313018,0.11052004985892346
0.2226256117056619,0.10873327367234772
0.2248230397154045,0.10459772839047358
0.2248580671046965,0.10119059409615735
0.2366892567931912,0.10949972938394945
0.232753151340363,0.10557009089277697
0.2421569682812235,0.11275490123635423
0.249680075486949,0.10775141815270556
0.2499043125834906,0.10747989943809523
0.2488589577665388,0.10535975167666484
0.2432999306980942,0.11115269104686554
0.2134959816320846,0.1293445757098279
0.2221997745471088,0.23103478302702304
0.2046197830771515,0.22168709948312543
0.2019197591347902,0.2598959815902823
0.1924460908604234,0.2641266564322858
0.1940745642543322,0.26645225096952185
0.1964897502592361,0.24901366246431617
0.1985798390070341,0.24259903870238522
0.1996220914588807,0.22821221981669015
0.1961840971091064,0.2152190714911187
0.1899469633633944,0.20834204871425185
0.1943943657388813,0.20659608547909192
0.1923029309703197,0.20437978974805882
0.1682446831152187,0.19846398803437798
0.1684605756389235,0.22851498856425145
0.1614757029222741,0.21423513228988877
0.1691966415844844,0.21760973466385614
0.168363760231667,0.22141238736099395
0.2083784389229436,0.2101452113550917
0.2105897822701686,0.20050966691186364
0.2111175817544545,0.19062717454755898
0.2047055825444485,0.1875489287326963
0.2092396052167655,0.19884958963812277
0.2151149099121902,0.20390814293048984
0.2236155704107927,0.21159479453005792
0.2216444586927691,0.20323198477216786
0.2187509934663892,0.19577553640620546
0.2173803819090509,0.20177359632716757
0.2170884939446943,0.19338472065573728
0.2204532484281615,0.18552012538731397
0.2250673488944927,0.1745520274909618
0.2189669352498795,0.16425004957167674
0.2208821537771552,0.17783464322181863
0.2264509313307041,0.16809978903362618
0.2262331007220355,0.15879770890383543
0.2282451840149616,0.1518241421418295
0.2160154822302362,0.14389383496784572
0.2197853734665635,0.172406005336842
0.1685845665729018,0.1637490206292447
0.1677735681351105,0.24787903387179605
0.1617072350014275,0.23758252528095977
0.1615784138662862,0.23070258252423
0.1550798522569683,0.2234791484150267
0.1408492467843326,0.22863001865442348
0.1293018659027718,0.24403358911421588
0.1300164896140562,0.2500691271036673
0.1247262403194756,0.23406592172839746
0.1303757858504244,0.22844932715243899
0.1288310980028714,0.2143325932432502
0.1224342362714637,0.2042228913905826
0.1157988964039875,0.1999313084005801
0.1171951655816236,0.20066815079455572
0.1147709871677708,0.19882255639064503
0.1040195305539978,0.18954388149159615
0.1059734853054035,0.19130676163326954
0.1030133376794417,0.1806332252592255
0.1026267296675593,0.1747571700068401
0.0873391980416561,0.16682658480575893
0.0875255148067628,0.17783612242368793
0.0913306308109201,0.1676418584194222
0.0896245314300465,0.15817222653872742
0.0824952101719706,0.15168159841470305
0.083673867160072,0.1534784692583547
0.0989427725256248,0.14491020609978775
0.0972558118863422,0.13693010327827684
0.0987091174648198,0.13646051244966895
0.1103052273633134,0.12995587673459627
0.1040594887246314,0.12367604422607494
0.1084964831805571,0.1289226788344678
0.1081008535738716,0.12229566656636053
0.1054580209903904,0.11655446004025366
0.0985464772479783,0.11446988408400781
0.1032797928471631,0.12932767716890423
0.10490707670138,0.12263940347841937
0.1121947490337461,0.11942420971439238
0.1103732848058741,0.11640457640032709
0.1114286888926731,0.11321904878209563
0.1115211278695884,0.10863674397539666
0.1121285055713603,0.10366314565763599
0.1439562188376779,0.10064217595546562
0.1465998111644413,0.10553918284922183
0.1644713870166936,0.10187651335174769
0.1741166938597011,0.09759859023595763
0.1723314399433454,0.09663047198966468
0.1712634601641815,0.12190205682537245
0.1741756600005915,0.12054565146599575
0.1675019003368915,0.1180581438785039
0.1681336859493304,0.13600276635446334
0.16567893099066,0.13148019730549884
0.1657617836839313,0.13108829922654056
0.1657008871629028,0.12419015035142592
0.1650795155962216,0.11834538939941225
0.1618893536522661,0.11487809125709046
0.1606069971738262,0.11787441417134892
0.1554573046459045,0.11862796071626251
0.1557410548489327,0.13338667164009904
0.157957596127871,0.12626866107708615
0.1574759608752161,0.12201388798240569
0.1616214923424358,0.11719460059797322
0.1608770233337557,0.11217455622145481
0.1597466270955635,0.17547067314588033
0.1612063453765498,0.1704525740351477
0.1563730188513584,0.19715181785909183
0.1571005920754041,0.20422169832960163
0.1631153439575349,0.20493669370416615
0.1715021161841029,0.19214190771024217
0.1714855615208591,0.1894225345966081
0.1774762772793846,0.17870811567131806
0.1790242303751563,0.1716579998164607
0.1826128368325081,0.16164731038036664
0.182592486070857,0.15237740629063323
0.1829607643853824,0.14379380733701655
0.1830047271369374,0.1377489957318459
0.183298867725531,0.13055037636824324
0.1905379301985641,0.12368248776443785
0.1905491529828982,0.12050829165680632
0.190146131877333,0.11527343766915726
0.1926681545839434,0.1190676792213704
0.18942240274316,0.1131926191943553
0.1676747157110873,0.12154053867208232
0.1738570796992736,0.17933087602996609
0.153739609505266,0.17157118982737132
0.150886894384255,0.205506504604357
0.1409489552170926,0.19828325340798725
0.1330544576795047,0.20130257635630727
0.1277545201337463,0.20210479112672453
0.1250102929417244,0.21244225922574023
0.1182954887208983,0.2015386052372163
0.1178170554123172,0.20288447671583254
0.1158149959388697,0.19263796695539262
0.1159851273689392,0.18794574006641995
0.1152376988108171,0.17652754916781768
0.1163464408379406,0.16839844163440462
0.1202435436748638,0.15882797896245257
0.1018418086184521,0.1503517019914016
0.1044748875714817,0.16491586972923725
0.1092491275951986,0.15589369374651027
0.1047219828986551,0.1521784648735976
0.1099304872423639,0.1510722381259831
0.1129916424361092,0.14601572239924757
0.1026836521403397,0.14043576734339658
0.1025703111350435,0.15681252248452388
0.1012740701464727,0.14795654857858304
0.1019814322178776,0.14087356939446918
0.1028786520144357,0.13438580824497803
0.0922479065829391,0.13849359244219764
0.095944811508676,0.15039682917365108
0.0959915239402292,0.14208693484494056
0.098255278785426,0.1342929581339342
0.0982614982649639,0.12899591346847944
0.1060451167451681,0.1273511450468805
0.1110911595072218,0.12077552395365308
0.1347743986130125,0.11539057548449462
0.136252052795688,0.1121514119373359
0.147025766374549,0.11997142950999827
0.146226993746334,0.1149055238535566
0.1471712101485519,0.11368573891180973
0.1430709330142042,0.11694942609125525
0.144712236823218,0.12098640184294494
0.1393943955755221,0.12705487850349834
0.1440163674921324,0.1324462568898922
0.1442663718826035,0.12564273837780032
0.144413375989083,0.11931463046481791
0.1425902673741982,0.11356071822111662
0.1406122543550043,0.1124630935287893
0.140501930088812,0.11440612633271342
0.1385264733413287,0.1092290008075466
0.13935976199954,0.11087973811563862
0.1402477291493087,0.1057636645165693
0.1379532846139537,0.10854027542166424
0.1328433209547345,0.10957731809643734
0.1283417520477182,0.1197473254925837
0.0978371035300582,0.1255349372868985
0.0908087994245238,0.1702042826175726
0.0755007046314982,0.17148527541916492
0.0750943831351567,0.1798485163368012
0.0704926353496354,0.16988155062278992
0.0692934994817764,0.16783404581273312
0.0787267679762723,0.1589554993059462
0.0931188931472317,0.15939123918357143
0.0882025861438611,0.1503747441337878
0.0878401610409528,0.15092838975663106
0.0896897023902522,0.14327261375336153
0.0901716926805071,0.13550887076580845
0.0902006066029589,0.12821737351980456
0.0899399226786285,0.12167147684635432
0.0899276708112454,0.11587982573102643
0.0893754236651939,0.11035288821217003
0.0878456469787993,0.1080096790424097
0.0882101397274298,0.11287839879341265
0.0883935551837368,0.10793272436173279
0.0944626879883827,0.10306861962822782
0.0995548706228365,0.09936322127882954
0.0998148842033066,0.09764717780246447
0.1013748972973864,0.09384078657116336
0.1006677856728534,0.09064477379808582
0.0989040334967602,0.0885183571412821
0.1043696640662912,0.09229803571292992
0.1068855301618728,0.08907095683162927
0.1069084959421996,0.11645679029913653
0.1087339584763045,0.13325702088081892
0.1083415189532563,0.12861255124605653
0.1117183857299655,0.12232587722649393
0.1115481353396789,0.11954855057673229
0.1136978330282507,0.11465220768045818
0.1138353390853749,0.10937768891701204
0.1142660327668554,0.10436036115871034
0.1153021249438129,0.09980346480764204
0.1129653505424723,0.09921660769149919
0.1157824243052075,0.10235547912324514
0.1171604730418583,0.09897822911162424
0.1141449989604087,0.09615598477701028
0.1086830914274253,0.10450852611192173
0.1083092428985284,0.11368952471752854
0.1072911238670268,0.10938224050916869
0.1074324076184341,0.10679856295542504
0.1064525974746043,0.10209567435521114
0.1009384886229717,0.10036145832285984
0.0798088915975462,0.1071085096865002
0.0732370597809352,0.13334093726960522
0.0813436555443695,0.14636621356926682
0.0812278477076773,0.14385940058683305
0.0779026672425432,0.13601925805812684
0.0831581641103116,0.13880859051888306
0.0808215154087221,0.13153792792784047
0.0807269512501102,0.1278912450573379
0.0836092726036831,0.12138316953234428
0.0858502757761294,0.11678555034418941
0.0855094640733782,0.11524629843625288
0.0826299534076582,0.11077918162721492
0.0794995423778969,0.1130886579741697
0.0776757192259691,0.11210072442785256
0.077845542621678,0.11112133109610343
0.0793917338524742,0.10605641362846731
0.0797899644107972,0.10168838032689763
0.0816320671980275,0.09741526923272271
0.0864045015232222,0.09399939102631588
0.0866456614704311,0.09126953489596126
0.0883050899939684,0.08816215448517577
0.090104297710713,0.0856272347492173
0.0798710101447966,0.09212327045317004
0.0883425661089862,0.109634137074579
0.1026403616660806,0.10466790269449162
0.0960983156113503,0.1075753423778731
0.1034723115654828,0.11174527890063751
0.113032481147813,0.10659322254379221
0.1113829952700108,0.10209105814501392
0.1064890162106422,0.1043161900060206
0.1253816019577222,0.1093475796312259
0.1260326575441626,0.10622196669754538
0.1310509149886175,0.10220349376076304
0.13931722176132,0.09784632227667928
0.1444571977033748,0.09477054056757384
0.1515111350064741,0.09127841661156483
0.153028516209353,0.09110108779552378
0.1568756524103811,0.08846238414862667
0.1547917598957943,0.0897678758160399
0.1559748786884875,0.09873607350821596
0.1552660001575038,0.09522637794076493
0.15236613655767,0.09751177338272339
0.1651380835672682,0.10243241536441174
0.1634965918966399,0.09885275861165696
0.150245179456943,0.11094204555626384
0.1515060881230988,0.14304574036455323
0.1489335204657468,0.13533187690826431
0.1438332889468301,0.13716925747310188
0.1440283551064406,0.1438824997351118
0.1440354949744357,0.13590848363626806
0.1189545120549326,0.13002565403622496
0.1214712509223653,0.1690160958823508
0.1112639509687031,0.15897070763416554
0.10664595942856,0.1658793477530982
0.0891240918798496,0.16750296040062673
0.0854620241778855,0.17458267901036775
0.0860169107964509,0.172351043012244
0.0839209756850142,0.163067802358843
0.081861436954983,0.15943681423808692
0.0723733476205595,0.15076444939291248
0.0733986672583885,0.14875305241564438
0.0845673862257074,0.14138906598744114
0.068254190487915,0.13447375618928123
0.0681850134034968,0.15442231791105093
0.0685042532650572,0.15030221159315899
0.0657759281022447,0.14226022587102538
0.0671999147422553,0.13966694517496323
0.0673964695582668,0.1331327957798161
0.06786068526539,0.12640999226241503
0.0682456453688347,0.12023059237024888
0.068229070780912,0.11697481838152213
0.0648466922058298,0.11122753065213183
0.1023528928342892,0.10973520274386438
0.1109297927651264,0.11543536946225184
0.1319567540953672,0.1100598785025985
0.1360171441497525,0.1050775957365784
0.146016314896006,0.1020395679144997
0.1470979221145818,0.10199794693162317
0.1536051606327086,0.10002784260422298
0.1715690673730851,0.09700510283654043
0.1713789416353215,0.09310888964559726
0.1706021113391865,0.09232970826569156
0.1736182606065495,0.10127193646040868
0.1748991312241714,0.09699851044297479
0.1765533044898161,0.10030834822740402
0.1849265375762379,0.09612390346598336
0.1875007605873233,0.09399798602522026
0.1905867100586737,0.09206800798853954
0.1937395062985704,0.08986018025574524
0.2048987235590509,0.08778620806505168
0.2080733318110512,0.08704349645247965
0.20902338973696,0.08421007540205727
0.1959168655597628,0.08229866182147237
0.192466561941505,0.1506660121302577
0.1755928201058936,0.15536709050834044
0.1693229627395389,0.18432549882057858
0.1639101986639388,0.18490817247470936
0.1592585907860526,0.19090595866331905
0.1559597368471602,0.1864278719248638
0.1581146606916425,0.18515190870991252
0.1578872406664537,0.20488678856791467
0.1565952677794369,0.19220469093187162
0.1527911147125759,0.18489450828461892
0.1528202323311165,0.17988949498124138
0.1504201018110685,0.17698217523564527
0.1489775627848984,0.17143074137024694
0.1456551945732619,0.1803903444865655
0.1545815584960282,0.17735723821885954
0.154360566660514,0.17799522038626034
0.1433224687871128,0.17852399131947658
0.1497924898939963,0.1915579415457051
0.148297225407067,0.18666249992700557
0.1362091936273805,0.17771536429460713
0.1357010029727373,0.18223167494018355
0.133799850515583,0.17128633665228968
0.1702250927930759,0.1610267719517219
0.1867027865612192,0.15276901592050735
0.1873121017669004,0.14506962347563696
0.192259009260257,0.13967071550005258
0.1980314532411315,0.13207141165430655
0.1995776617893471,0.16677805107290272
0.1995028417669311,0.15714737108798674
0.202801918772998,0.15023895350542693
0.2074823645139683,0.1420966335816725
0.2151651023591644,0.14178487452846675
0.2204573441883919,0.1343676251415623
0.2201647015240529,0.15019323736375717
0.2223226261365697,0.1416637971277497
0.2196890952985022,0.1681196420812566
0.2292874311120318,0.1695160777225916
0.2195197252880373,0.17210594494736786
0.221751285166096,0.19711485291890984
0.226327391124697,0.18582111449926952
0.2336117557773532,0.1884063890615329
0.2459874583249298,0.17768627463816644
0.2294918781255405,0.1697925678954041
0.2242769351336779,0.20618796578490514
0.2338998623700167,0.21483464408749212
0.2302176065553273,0.20387091256897427
0.2173057633699455,0.19726425361990546
0.2377029968813916,0.22862507820068273
0.238175874383084,0.2150384188698156
0.2581485795068876,0.2025482934315021
0.2500340594164726,0.19423265901055253
0.2466268250608719,0.19726658320508317
0.2393656702597207,0.21186300209990572
0.2546185867801201,0.2284332793873221
0.2608181753275982,0.2148922966675676
0.2652010452608779,0.21798728330205094
0.2560436193592016,0.2041437904442865
0.2545771322153773,0.22705883543507663
0.2528773498398343,0.2161623703289345
0.2481774446040341,0.21203624704903018
0.24819362094159,0.2232819889165593
0.2379341810206937,0.2230793299793952
0.2380356946672424,0.23873468348772306
0.2309485258862046,0.22403989703031132
0.226800962243926,0.22745484398310906
0.2343437136075915,0.23351401568134467
0.2312832102513287,0.22072336377482135
0.197614108617283,0.21231348276510287
0.2025030794237027,0.26027753803972686
0.1903017353781532,0.24751082224250193
0.1887437910043572,0.27107935958297014
0.180894018577036,0.2548959989662434
0.1917287175096405,0.24953701840123427
0.1793014498890597,0.23747223287724276
0.1668872417223521,0.2502817245023701
0.1677862344308352,0.26130746876208616
0.1626257229351285,0.25253080519429305
0.1731817196685969,0.2426029429158373
0.1677099344499635,0.22699492040408567
0.1699279613955525,0.2207262492303776
0.184988828414774,0.21985306786938213
0.1855157039761873,0.22015699360793092
0.2041247416101729,0.20740342308381302
0.1963597921315458,0.19745876662290915
0.2232130993303001,0.1957239002126023
0.2511309521918307,0.18743431953383283
0.2526221721106211,0.19714077914832595
0.2503088725556286,0.18524353662519388
0.2765599680353197,0.1790810672524333
0.300553359089226,0.1836222262416717
0.29879920558864,0.1822252820020387
0.3149437660272067,0.1727387566082541
0.3132043274751011,0.16343160851321806
0.315635521595906,0.18260043449133567
0.3098522385679466,0.17319038297458794
0.32606739556198,0.1729746500607123
0.325596551777021,0.17805043181274038
0.3295752852340507,0.16730182393511905
0.3540767229587571,0.17827633606703072
0.352568720261977,0.1676970654798249
0.3433920858705318,0.17985781271103302
0.3513346442589863,0.23014515203894248
0.3386049318056403,0.21716232395078236
0.3405684210952874,0.2619629684460202
0.3355185759950099,0.24506591908781356
0.3216551002241935,0.2649543423617339
0.3216148579885849,0.32534121099375457
0.3222785762677869,0.3048223189501096
0.310359159645928,0.2852574034218292
0.2881774390512763,0.3112189910167445
0.2876358960231818,0.3544184728025477
0.2620357977810285,0.33245932193004635
0.2661185456934311,0.36011038008068663
0.2745527094361963,0.33581317401471783
0.2951906263051481,0.3264363397972997
0.3106319170170097,0.3046702752631951
0.3106262530343393,0.31099469146657965
0.305064114705486,0.2913942950431804
0.2938202129112175,0.2926877152593563
0.2942403071755142,0.3572923082826813
0.3102622809513631,0.33527959149384184
0.300935905952121,0.3127592698936165
0.3034713368363841,0.3078664405567796
0.3237611220540633,0.29099999791652337
0.3146578612081662,0.27529510229877546
0.3054051297965772,0.2776677772473946
0.305571165359116,0.2898018798691774
0.3055778628717694,0.27282341102555696
0.2986927457109682,0.25943023683243516
0.2958327319410234,0.2621498273747566
0.2959306486790731,0.2626879042610866
0.29959141787373,0.24578688928512116
0.2982367532654873,0.23485751221142157
0.2894404434877566,0.22881309638332378
0.2722807010293911,0.2537815931356421
0.2339493144096645,0.28927563816751123
0.2338341216842945,0.3463413173683294
0.2380347947976411,0.32363998517165893
0.203605391630804,0.3108782477776447
0.2212548654010512,0.34625783530303805
0.2068206966818465,0.32303754863125816
0.2078145708367374,0.32935563887417113
0.2107922023360693,0.3075985690243951
0.1806043336812294,0.29137872485756633
0.1854959585326548,0.3197940801784588
0.1889159031765967,0.2994737396351204
0.1915857453184895,0.30320997306841335
0.1905160252618039,0.28318057071162744
0.1907878274413672,0.26892934440348665
0.1942358851825531,0.2569700986933254
0.1990331765004958,0.24024498852256324
0.1953002931623823,0.225114972163099
0.1955580376729591,0.22458116219365265
0.1886583155948875,0.21030022803072387
0.1851167519045393,0.2080878947574956
0.191095161328907,0.20193108067355192
0.190006323519556,0.19202787203257243
0.1881121540390612,0.18084755844318454
0.1813697748134775,0.1972505034390601
0.1640405224710418,0.19143383630725094
0.168983775971035,0.22934187065251702
0.1673790470232074,0.2168440412675555
0.1722564080060175,0.20954333841854067
0.1927479802645592,0.2039107305200563
0.1863828974405276,0.19112942421641646
0.165574877322084,0.19223787693860184
0.1670193223317943,0.22637131882952846
0.2033968093796577,0.2214836708030471
0.2043254694090587,0.22068664452157488
0.2065274674731581,0.207625343367488
0.1977825119069069,0.19868982286599798
0.1986779535602911,0.20328632051210105
0.2008859388438451,0.190712395386299
0.2008461490450528,0.17943092445991124
0.2135835270638629,0.16884058659858017
0.1991988171245445,0.1608396564545167
0.2089311848468018,0.1872755393368131
0.2028387725747762,0.1758412880464249
0.2511722536846167,0.18726804261182015
0.2518742396183058,0.1767728278168264
0.2529805888752134,0.1662496628192036
0.2516697274659079,0.16222454838467848
0.2534222376489533,0.15317276518744932
0.2470848682205426,0.16419290898217923
0.252056499473331,0.19520100777521243
0.2508934762723001,0.18393059341177037
0.2440333644962402,0.17326779293612415
0.2210546752791139,0.178453799717801
0.2211599214695174,0.25548183034667066
0.2360084473066462,0.24221400343053498
0.2439311131839057,0.23557393842821536
0.2456418148059781,0.22515629051207783
0.2680178192850413,0.21124736679433842
0.2934318883264926,0.20744466410659054
0.2844667665673134,0.19601385743753702
0.2837094464677735,0.20635249986611234
0.2878363967101666,0.19604858899932792
0.281450242719291,0.2007784123765683
0.243014758773322,0.1960663842838361
0.2410903216457954,0.30839160728896214
0.2632445673874675,0.28843393839631626
0.2723782507938642,0.2775559853000873
0.2889469104405041,0.26343428058219737
0.2914572367946229,0.24931993966931126
0.2862085227030181,0.24271997311439028
0.2862035717775203,0.2482616094756488
0.2931812759350729,0.23762223103385985
0.2928845734230233,0.24239502473598126
0.2963827865460824,0.23422299869644161
0.2917983244126022,0.2200210925353005
0.2807366304540326,0.23031898799418815
0.2819747759654931,0.24649795845058686
0.2724644967120822,0.24728408768756027
0.2524761217396165,0.26979288562965215
0.2690960223633755,0.3004716898394682
0.2690864634750504,0.28116820536048964
0.2522519158829195,0.26970336947776746
0.2510414278177579,0.297997664940152
0.2488787564529706,0.28215027578007684
0.262419991386841,0.26653284793017923
0.3091486873016861,0.2502043245795481
0.2928679341471016,0.2720887412743726
0.2868923533602207,0.2857043326821784
0.2859400247438513,0.29921657355354075
0.2862166783184947,0.28592922554597316
0.2838726604522386,0.27063856307548523
0.2737146486958018,0.2579365082702016
0.2723080929322742,0.2728905940060731
0.2707806859561068,0.2627237551860146
0.2688100695634892,0.2592853309724969
0.2674094789330168,0.24671574083580436
0.2637602041322761,0.23324229172166452
0.2622260920169193,0.2515198953978565
0.2816919531479508,0.23933208409794426
0.2616700149856454,0.2257645934303076
0.2568999776852425,0.2552482693126728
0.2663384385908876,0.24634971821875412
0.2721348273538845,0.2422210363815474
0.2720581593500314,0.23179591782322473
0.2596906603342354,0.21856968006066135
0.1800101359133637,0.2362440695278513
0.1841154885058554,0.36379501384839374
0.1830018540870119,0.3430295415995852
0.1824037386604063,0.3242805058818481
0.2012110613098797,0.30589460409336483
0.204956821803637,0.2895064717962649
0.2053655878333643,0.2714500836750978
0.2055503745688482,0.2547574031786569
0.2070340433207201,0.23958801992299153
0.2096858097316818,0.2347448801112657
0.211618148874574,0.22192323141557171
0.2053832442621498,0.20798546950702615
0.2089774191700606,0.21562435645943467
0.1850918521459786,0.2025433943711628
0.1849287283696419,0.25205804977646923
0.1848581513923308,0.23609884473981455
0.1796042339565593,0.2214025577024196
0.1770526048210262,0.23165148705455568
0.1969610930647305,0.232395729025358
0.1945516148472152,0.21814069867417965
0.1947713066499534,0.2081515460018518
0.1931477648652494,0.2003402925803691
0.191561425078063,0.20215185164373087
0.1907547878021579,0.19334054545507523
0.1669658053554717,0.18567886471860565
0.1717272461616062,0.22304334579701868
0.1708844055384064,0.22005333316926692
0.1816401656531655,0.212363039863569
0.1791801062456907,0.19924768197040318
0.1691735875500488,0.20228821581030088
0.1688814754362844,0.2068808193475386
0.169919011360337,0.19606302221506797
0.1598634336058398,0.18586995173840726
0.1607266241657516,0.18894385314933762
0.1654370566479279,0.20056391148193242
0.165148983841195,0.18918175211057725
0.1689675225967247,0.17978516258287888
0.1680169034403736,0.1733045537423982
0.1566631265263796,0.17608691003328397
0.1602363104511076,0.20431120196486396
0.1674542413194335,0.19190596321850878
0.1675262487905144,0.18351393674093927
0.1673638276772721,0.18421252343650704
0.1711526040195932,0.17392337122208576
0.1708386568073341,0.16458643440550744
0.1574498686697177,0.15568168802177498
0.1645879207864888,0.17250788993221494
0.1540543402385829,0.16814332288352468
0.1667798847668192,0.18545582135554695
0.1668047963475671,0.18471281524832706
0.1679474645318268,0.1739423946025443
0.1669205437574139,0.16373496639052187
0.1672594966026044,0.16399700659390615
0.1619399714528048,0.15478357761445083
0.1519981261833072,0.16307393765037934
0.1493389210726513,0.17122586930136005
0.1514933374099355,0.1698893965439812
0.1477129998824016,0.1765532837481452
0.1555301874390645,0.17732110565878376
0.1465220052914157,0.17094345888895512
0.1549898672363595,0.174248904252582
0.1594608631160144,0.17592716336658037
0.1584521039640526,0.17329648498026995
0.164951929766007,0.16337066454138074
0.1652315515422676,0.16508915422922982
0.179263437558986,0.15569258487781076
0.1775974010187776,0.14753861020787123
0.1823420623028974,0.1603365084633834
0.1750611324249536,0.15218999861890337
0.1855978332594826,0.18337132629260544
0.1847224130729375,0.17282008104797286
0.1825022296727328,0.16461614037300978
0.1822168669849047,0.16712893167609025
0.1818939493354967,0.15814154868028904
0.1880901568087759,0.15108642202026218
0.1873051616097942,0.14479969789409072
0.1853870684501425,0.14212664426156052
0.185685228888858,0.15773994360833313
0.1772048590122734,0.14881421523580718
0.1777985459493828,0.16568355583754762
0.16162025514811,0.1562204048690627
0.1489466332388959,0.18091415686736068
0.1483732954487561,0.18924334472892848
0.1419899699264659,0.17826113141242816
0.1433341248034613,0.18813030999144864
0.1343025028764372,0.18087663198918957
0.1237570118550197,0.19277096123736112
0.121486685477171,0.19339130644697305
0.115216321925454,0.18799012409988777
0.0952761175318778,0.18899907340534128
0.0954561906150437,0.2025186849566943
0.0942525787517433,0.19047994477636743
0.1140671421409902,0.18182179204524393
0.115082491088353,0.17116039659691024
0.1243548594097054,0.1619903982440049
0.1259739243626556,0.16991317986029159
0.1171729403591501,0.16244579110153495
0.1240082959679615,0.16926625938571144
0.1248801140616825,0.16032907381044528
0.1270873538249702,0.15498898799920932
0.1427968461485869,0.14739190479729666
0.1427794584597753,0.14034210863512672
0.1437840538783209,0.13279439952913444
0.1437214413504112,0.12586478988716762
0.1359067744038878,0.12230106012134542
0.135713470802831,0.13460380809279254
0.1356646020548443,0.12867563679627955
0.1376142279006617,0.12307533714811981
0.1446543578238163,0.11695172021838049
0.1467783233746063,0.11144984778639663
0.1470138512877687,0.11152859534370033
0.1470157127025424,0.10640022524917371
0.1407118128915838,0.10174060467431316
0.1425987681724485,0.1332346939041681
0.1277805240962039,0.12911233582726397
0.1323702383740947,0.16009548966545625
0.1322532980608317,0.1567788082227166
0.1268840506070981,0.14822385496228566
0.1269347454365048,0.15446733944982108
0.1300915911451369,0.15151299603599575
0.1170825769177083,0.14923150873030663
0.1169635327406549,0.1703665262984711
0.1163525695752903,0.1604740428975878
0.1168891330963579,0.15385609703370293
0.1160838992350875,0.1468252368422739
0.1178322045711211,0.13942418729608658
0.118639585908483,0.1324370827168855
0.1134612139120946,0.1264364173098482
0.1137298976932444,0.1266107165538678
0.1133947141619638,0.13505591769526454
0.1158980457171384,0.13670398125016178
0.1187685794354193,0.13001810512150552
0.1078017498776708,0.12336273565635968
0.1082010417362905,0.13406331537018637
0.1085493109974453,0.13421320993608177
0.1061802731553894,0.13422774838438464
0.1061550871894513,0.14324309763475798
0.1023763378632963,0.1355060498477246
0.1047036939466991,0.13280694350989836
0.0952095748306165,0.1345207762525436
0.0949866710249863,0.14735042061634665
0.1012542860437004,0.13999809119445736
0.1006956740006021,0.13275226460775943
0.0993982843353802,0.12788318802381704
0.1009419900464465,0.12476513039722373
0.1000123691886486,0.11868760028188356
0.101003899516827,0.12162294850850079
0.1013158837498763,0.1199298296761527
0.0933962402103426,0.114146397902748
0.0943398814456029,0.12566754882090844
0.0908044228526089,0.12145029748929258
0.0925366373396753,0.11987952380607982
0.0925634444406366,0.11839901148469666
0.086069708120111,0.11380191257420239
0.0826159013052884,0.11747200128610037
0.0770977051586197,0.11486691273136378
0.0830987172729719,0.12260091678216245
0.0875076850900157,0.11657312998667024
0.0797756137268763,0.11241416513410006
0.081341145327008,0.12270762377969682
0.097744283867421,0.11668826730347562
0.0933981573370112,0.11180612429134247
0.0946744407103792,0.11637339324000627
0.0985011645689966,0.11226044172645686
0.0984698317265961,0.10757340851593
0.0978427721819927,0.10727148399923359
0.0932853429887263,0.10990906896291974
0.0932842302875383,0.11194463736802382
0.0946768862912477,0.10708313556928714
0.0982918309708187,0.10347649207755247
0.0996696730709691,0.10550976479785419
0.1003788959360967,0.10129674663506029
0.1005070695044162,0.10504343725393975
0.102411860860119,0.10062709989351716
0.101131650348039,0.09863061485843727
0.1110676243453732,0.09534381142826419
0.1184393702957979,0.09179984227279973
0.1152915502445971,0.09714296063941302
0.1182486359639786,0.10537395748511691
0.1310389963349642,0.10104680602544372
0.1223247795726411,0.09884595447055797
0.1219737979353688,0.12396066428193828
0.1208119404063594,0.11938670255813265
0.1178926527865092,0.11711784613397698
0.1193150416269471,0.11960140826041396
0.1174020069857325,0.11708653329259512
0.1175319886626692,0.11853256778166343
0.1198067396045309,0.11286664212199539
0.1198504309501408,0.10791013892551071
0.1119470822572201,0.10636399087052176
0.1115765812152238,0.12193828590706086
0.1172677103260284,0.1239126459776682
0.1172623622848503,0.1261437065847946
0.11586695402008,0.11982070836791736
0.120529058980908,0.11822586013169827
0.1274542123871581,0.11408776954301744
0.1183061898642521,0.12235908790137004
0.1163068947777742,0.1407977815432321
0.1233213775092866,0.13755766560137583
0.1081451054162495,0.13376506289189447
0.1096442144903574,0.1466761963115152
0.1095906706100149,0.13987119454039568
0.1087060964644686,0.13294004610170937
0.1153458126574086,0.1262106331774195
0.1199319810632022,0.12294995040924966
0.1200830616713342,0.12364958351645977
0.1294554339672208,0.11931265973590453
0.1293110193327292,0.11365828217034055
0.1306605841143064,0.11290583967339843
0.131747213377678,0.11283146821131516
0.1278707561760788,0.1076837805102792
0.1225688382942373,0.11139401817847629
0.1294696887816601,0.12693502038215218
0.1294179114506605,0.12055471274612937
0.1338223569339177,0.11569848987307432
0.1241703067220339,0.12264668076987736
0.1309798157297503,0.1496933131625515
0.1294921138764841,0.14233932982788924
0.1228741033834856,0.13600147408248056
0.1327288593054591,0.15369075840990506
0.1356883687840214,0.14513912711365967
0.1360050114099398,0.13997887069737794
0.1446437998344948,0.13360858503883835
0.1396514936951066,0.1268257164847346
0.1425670895476779,0.14269425987650125
0.158036813044513,0.13958201759425443
0.1557878382137574,0.1323046836456557
0.1544448894642016,0.13903134547438556
0.1536998784864748,0.13517996449302458
0.1530557477715584,0.13039506719847588
0.15409730460638,0.1250777582930842
0.1621910018832394,0.12443209970217607
0.1584139554003392,0.1222055052725014
0.1717668715298748,0.1275896546785538
0.1625567725318512,0.12124085658247231
0.1573363444863975,0.13820579996920607
0.1471212725604714,0.14063373914740282
0.1465571790201348,0.1506416337312894
0.1473960249933926,0.14295288718379734
0.1314770106813426,0.14017121271666738
0.1175449369344401,0.15586475919351006
0.1149903588247089,0.16243785446072034
0.1129071096918097,0.15580564885522719
0.1141840421852417,0.1589995918982779
0.1116247853757428,0.1530216309492519
0.0967541584631328,0.15409978434116967
0.0985425703707062,0.17579350885192377
0.098996794290957,0.17160709497501161
0.101517686298602,0.16191694002556092
0.1032926839371872,0.1531868609341041
0.0961756337318015,0.144708002100704
0.0841905603587759,0.14442400202858854
0.0835760513507438,0.15815074148591166
0.0703059390196822,0.14955400656233372
0.0703600859744387,0.1730064071484156
0.0717340661878692,0.16316854892600421
0.0725666483711048,0.1539438227131882
0.0712615412471006,0.14544277199748185
0.0908889078338048,0.1425931289592286
0.0946229361819045,0.13585633029666683
0.0944604638989151,0.12986731666679385
0.0935071736828972,0.12325632725524852
0.0933795192566439,0.1179715585492203
0.0929624176692915,0.11235430157539462
0.094783624466333,0.10747908077868745
0.0976417423001446,0.10421678243752831
0.1009043818098062,0.10365290908888915
0.1021493309991099,0.10441751722449998
0.1001443627555736,0.10010199629843405
0.1077724353298435,0.09943990062204006
0.1080767204643818,0.10247442659127522
0.1087325137877275,0.10010331621437314
0.1084712241262499,0.0975790750427373
0.0984450984903037,0.09604739280240958
0.0992940918167476,0.116009316036093
0.1013822209868158,0.11136313570923315
0.1042430325372073,0.10708343977035678
0.1109431938212041,0.10576506337683769
0.0963112260534465,0.1052454175383226
0.0919518309049955,0.1281815794588622
0.0919118137986773,0.13048546412205847
0.0925323661963546,0.1239929758088904
0.0929461766878304,0.11935810657064491
0.0959149326656543,0.11377389543887897
0.0949116667647421,0.10854021539813148
0.112098722859936,0.10557424788721889
0.1140901440558806,0.10666922513408894
0.1159064602949524,0.11281639238373968
0.1180845121691484,0.10972806453832847
0.1098785619288538,0.10489602752170299
0.1112304520212156,0.12393258121654822
0.1108093397392981,0.1184235651162499
0.1110122213759148,0.1158548534378124
0.1113345118636822,0.1106068499331968
0.1239766712187943,0.10564365417377475
0.1230255805745042,0.10386225416058834
0.1219105990705144,0.10512142515417182
0.1189933249578292,0.10979122382671347
0.1217293856565824,0.12232075615574106
0.1215978995060007,0.1165768598091105
0.1394246311026682,0.11171506315119416
0.1389970234697192,0.10667274604051312
0.1400003871584631,0.10515744052285053
0.1381871961914907,0.10125261771170378
0.1383242315135946,0.10452577224987855
0.1209492759111663,0.10042999970568377
0.1173977072327,0.13360427089098464
0.1139187761589142,0.142963565413555
0.1200607103922192,0.14514152949532722
0.1206448557790296,0.13927994326559828
0.1219306150712159,0.13241998009740447
0.1249011720063393,0.13208170880887218
0.1239905383474175,0.12530785105384937
0.1285033214748379,0.12214277841009855
0.1157054842019907,0.11636258634900318
0.1136112483602299,0.13589002931195734
0.1156489494834825,0.1363772145505008
0.1147258043584311,0.13342632229911872
0.1124786993653519,0.13022110665740924
0.1152075086813615,0.12807947888799345
0.0936441396418008,0.12164482637952932
0.0944184931121587,0.1571672424283402
0.0938214156128693,0.148379216835577
0.0945530098985748,0.14227147339397855
0.0971908266175219,0.13482252636294034
0.0971933100492484,0.1283133939383094
0.0933822265534771,0.1228376011297304
0.0968210991367587,0.12569721801851513
0.0879576836471141,0.11985879735524388
0.0990861463651866,0.1279510974884068
0.0997490417626977,0.12374692773420241
0.0967284119616221,0.12754776234197174
0.0965244743282875,0.12646772747490262
0.096803838740906,0.12047876958856105
0.1002902649506288,0.1265967653551177
0.1121847540898321,0.12092575549892014
0.1183427526347375,0.11601453869337686
0.1159077333786678,0.11792772141618227
0.1145764205514695,0.11578427151439423
0.1073767344977041,0.11339338454238142
0.1079369673480465,0.11741624417500036
0.1158287267988369,0.11274092368466611
0.1258297750148709,0.1085385344953115
0.1258559794881898,0.10546797318334428
0.1207564778946532,0.10192986056776585
0.1272350529193665,0.1060497572149142
0.1284400646838422,0.10163657616015169
0.1377674172871211,0.09839960714606286
0.1374809660019027,0.10198366607513404
0.1371554106300314,0.09783801555709741
0.1393907500474495,0.11716783057066349
0.1447123891917733,0.12316314543182508
0.1447058634607237,0.11714535809391459
0.1399460062747182,0.11166792456525065
0.1388699295394227,0.1213499718686807
0.1284810315431496,0.1211221567392912
0.1181720071783418,0.13949674160865796
0.1178918053042358,0.15031509177142652
0.1195303590269614,0.1427203164067816
0.1195302291932334,0.13973962142411794
0.1116174421169669,0.13319167808117194
0.1096845494452284,0.13621761994625653
0.1045817372738952,0.13687465079546435
0.1058263092868541,0.14273150642134333
0.1092349804213189,0.13526402043865912
0.1071852108772809,0.13053181312338993
0.1071337708638119,0.132442336365081
0.0908148154440153,0.1265706412264997
0.0943330092891636,0.14996150007590453
0.0940928062051362,0.1433635126117005
0.0861516302477455,0.1433319523165491
0.0798064976572091,0.14928793301786858
0.0883568615467131,0.15018925441880512
0.0883849982983367,0.1420034493113894
0.0875690457333832,0.1345000292694713
0.0877943044457927,0.13037812525836334
0.0877291624587449,0.12381233310918756
0.090290506315392,0.11779284405536718
0.0811799278326899,0.11412806351656554
0.0803148589596302,0.12539191302170466
0.0836795470472253,0.12013446190734202
0.0837169123459377,0.1144492802880563
0.0851099490767675,0.10920738238545365
0.0842401907348798,0.10480434940225462
0.079674669180078,0.1022371604157559
0.078028782039858,0.10717540113754395
0.077969569007758,0.10728492998013904
0.0709800226659285,0.10264696697694804
0.0671140875350124,0.10686330842565374
0.0620011891164294,0.10966117275888454
0.0642025023498863,0.11398991693228461
0.0645944218197761,0.10876446370720656
0.0557199250223394,0.1040187391432442
0.055312026501321,0.1161047738025065
0.0541291275497345,0.11076745999141262
0.0605927133641504,0.10633634242832353
0.0724030710195885,0.10257204949718426
0.0705305779332787,0.09877302521725331
0.0706006840449255,0.10299728497526402
0.0718241445650437,0.09898555684268098
0.0889241345938184,0.0951023464405521
0.0939570184349911,0.09940234371311668
0.0967713743074572,0.09596777463647498
0.1026721359937774,0.09420302965554939
0.1019337279205624,0.09144223777638157
0.1319231951968834,0.09082462241667937
0.132892322559788,0.0892880939262122
0.1392055542521923,0.08636058268448679
0.1385071571225218,0.08379692981197505
0.1394488536707347,0.08516148720108645
0.1493831938370702,0.08289942626463362
0.1568413861154423,0.08674308853405589
0.16716221158516,0.08636262797186495
0.1930229510701287,0.08791149996237341
0.1977046263849043,0.0850889659863107
0.1919480699424777,0.08252522919373051
0.2131243907519643,0.09401574466740845
0.2122098302596265,0.10371888132846903
0.2116313205402995,0.1037608860882758
0.2202127067237194,0.09999479394868813
0.2161654799398989,0.0999414112592061
0.2239410697161951,0.12485785790916808
0.2226343285041004,0.1270621405440643
0.2222178676449776,0.1270610968565312
0.2222248764504204,0.13112487387566837
0.2044525460972117,0.1250222841418466
0.2058679679590143,0.17427095071889576
0.2055294903005887,0.1671984861836088
0.2059942423987363,0.16729238428909463
0.2045498974866866,0.15768106888152433
0.1988836333615216,0.15207911163477
0.1909535704748377,0.16588343820906704
0.1771989350300188,0.17602347492190595
0.1576209847816283,0.19637764294009405
0.1570539674207308,0.24685004258688467
0.1543757295707054,0.23570946910706644
0.1507821125413545,0.22455434291689697
0.1546952895351243,0.24227146668727242
0.1550542471461349,0.22788773121384276
0.1486674961889194,0.21371273315151038
0.1507599300143088,0.2175421436047533
0.1400014130980003,0.20455389710279223
0.1399236032125088,0.21124491301495504
0.1360488904963046,0.19847317626997593
0.1363853307925842,0.1924199319889826
0.148442296132028,0.181323826479387
0.1451790553114506,0.1712282217669204
0.1410553980720083,0.1678504186337491
0.1407023090169591,0.16685035202704906
0.1411773762828694,0.1581292963163519
0.1392536138604089,0.14921243476673846
0.1395517625278833,0.1453429323747056
0.1366066177819401,0.13742545701514952
0.116546907227277,0.13850264190655912
0.1158406522236695,0.1752702287236743
0.1155699954814042,0.16572059531821084
0.0945580575171784,0.1571568241143044
0.0988617093857633,0.1763824245811966
0.1019932704437236,0.17530648688271672
0.0992449541318499,0.16623452264314462
0.0973146824841976,0.16483233822685806
0.0977201528213549,0.16080850056604995
0.100356138867213,0.15361377823517328
0.1061720297818823,0.14512371978808658
0.1051496980499722,0.13725503112537693
0.0891960407593442,0.1315262991634511
0.0890104999659474,0.15227928418725378
0.089556387410118,0.14446077368973045
0.0895376812923873,0.13698200154554277
0.0960741156395894,0.13027596806895478
0.0954742892366366,0.12462256090388085
0.095239133293507,0.11969344668517788
0.0948688707025871,0.11451465536603135
0.0878269888341195,0.11058530656849923
0.0890490023523998,0.11794960088323733
0.1154658437925729,0.11233613890799898
0.1116958839621949,0.1080812648411484
0.1069724519073037,0.11265023406413607
0.1103052551546004,0.11981278714167183
0.1385132523240325,0.1232711515517
0.1399086157724262,0.12182749408974604
0.1393568343042703,0.11664594075249637
0.1371847195906932,0.11467113509865466
0.1340696826481985,0.11640998380750024
0.1336680551600461,0.12008928004083418
0.1364168584718745,0.11592531088454364
0.1443879203049656,0.1105359193346103
0.1449031893491416,0.10688370566641689
0.1453114508027189,0.10303747458219072
0.1406736503773868,0.09897276688182885
0.1414563265892025,0.10906268024863168
0.1414751571085925,0.10450833826048533
0.1415264415027634,0.10024661425209985
0.1421662276016514,0.09704361052511438
0.1421684321062377,0.09342431847561176
0.1182084320314513,0.09228617806286846
0.1181634328106519,0.14191264825126082
0.1170741521126235,0.13560960926614685
0.1128067018020602,0.1294596008097672
0.078245524244475,0.13709095967893653
0.0745765630489349,0.18274970468027898
0.0765693373798712,0.1759799348721431
0.0776316968715483,0.1668047753890603
0.0806903402928485,0.15723438024185604
0.083498644844648,0.1498554741299447
0.0793481688287037,0.14163811439903237
0.0610330372436607,0.13953223732939563
0.0637902107885105,0.15109902399272143
0.128411995783155,0.14391975541322855
0.1283870644544162,0.13707952846681343
0.1342768866464769,0.12990765299237253
0.1355505694902562,0.12579000102076257
0.1406530262385817,0.12020452366960939
0.1395416123815793,0.11530169109965173
0.1443688493892805,0.11253955646206652
0.1476566642351812,0.1093070751597687
0.1475372655938073,0.10852245317077744
0.1474368042054774,0.1038996726294808
0.153270642515843,0.09954428930878817
0.1551809582028505,0.1000077996568065
0.1592465130578714,0.09685743419177521
0.1589251943333094,0.09335239736389514
0.1667595560748938,0.09544684956552177
0.1635500347294458,0.0941882486793476
0.1635321334429429,0.09821927894977946
0.1779125760624524,0.09960441280595714
0.1769371171228843,0.09576960805847343
0.1807834621439849,0.09410985941385945
0.144988440324899,0.09438187446873189
0.145487031510946,0.18995262506898783
0.1412929640876265,0.17864888650916053
0.1411285646139724,0.17868391367101627
0.1459630997746045,0.17056008246660137
0.1492127108556613,0.17005019381253939
0.1448436949318559,0.16030792530120602
0.138459847502786,0.16302918655005227
0.139405727147461,0.1671838856922675
0.1417641117703219,0.15937169707468377
0.1370740912912164,0.1514068409948325
0.1363965539847126,0.15627603926852915
0.1288906112750184,0.15002595512394903
0.1343475677743785,0.15597524820153422
0.1209755780060727,0.14736721420170268
0.1210517476777087,0.16400965596462375
0.1224687137161912,0.15478514870208235
0.1116710794064092,0.14626592246129755
0.1111253273853346,0.1666200355910782
0.1067129197095055,0.15777829637514237
0.1026442485816601,0.15705034507344498
0.1024544076299133,0.15498058025635397
0.1179187230697658,0.14872649513635403
0.1184497553210702,0.14290215169565681
0.1087685349153322,0.1367000698871279
0.1035777102150945,0.15244404552218865
0.1164016797794623,0.15006507716746886
0.1290781884483786,0.14461992857593461
0.1415264277030316,0.1391047431770889
0.1451885993401129,0.13575197772779424
0.1489333520994227,0.13482011391291718
0.1580465000148125,0.13180031951881238
0.1593140096410957,0.12635658265654082
0.1802809819012329,0.12099963917256706
0.1768562842316548,0.12689271728552565
0.1792635963650778,0.12487291084024243
0.1823127040222232,0.11874828100070108
0.1960629468766205,0.11511011416719229
0.2000118003430807,0.12168909292835454
0.2000169852507616,0.11591003721651152
0.2059386640271159,0.11118025228819686
0.2059648020874757,0.10658850361721878
0.2001292556325363,0.10537968324600984
0.212989777612128,0.13952717928193406
0.2131497015010503,0.13519229971026878
0.2162301543684986,0.1318125002867401
0.209850249650174,0.1251345035896597
0.2101307426302697,0.14918088076180536
0.2056216374051883,0.16175763997704617
0.202820130563804,0.18179252411762406
0.1999759815358405,0.18407058118614247
0.2600666037278841,0.1813190630048853
0.3274030879101531,0.19785907537492003
0.318468959971473,0.18781183401688742
0.3205531508701144,0.23115160788767483
0.4924701562045881,0.22220190307115426
0.5152363424574461,0.20995774266401857
0.513708167555728,0.2113107546516992
0.514273328240805,0.22499224575029086
0.5133048206901358,0.21440198514575318
0.5158887139639986,0.2107117014308941
0.516200083981918,0.20521329285614862
0.5210957319633269,0.1937832442458627
0.5263547959168957,0.18224154835105472
0.5305295822578812,0.19439212749075838
0.5364043007674824,0.18301898637751848
0.5373754031434775,0.18533188253170493
0.532737140602369,0.17535586319074142
0.5326662676380916,0.20016513816959436
0.5325380522135192,0.19086004940994628
0.5326739404081591,0.17989616728962154
0.5008548316620293,0.17203381630742348
0.4439657939956046,0.3188386698419078
0.4460103490611057,0.44490944368610164
0.4391729498056864,0.41562926591506183
0.265723193927963,0.3983569973422526
0.2025823416290071,0.655681879999562
0.2221015442705242,0.6597364795309197
0.2214030758245764,0.621901510544901
0.2201508023852503,0.5819380910660948
0.1958535101236436,0.5431380915179436
0.1951688070981752,0.5221538533782949
0.1610672685524086,0.4872381222751635
0.1497381213785968,0.47423309090581073
0.1656982082115877,0.46287584702282375
0.1540358784056516,0.4392943148505594
0.1572641009480727,0.4243438326196889
0.1694853150351684,0.3976939361333346
0.1722887764306388,0.37129560226639313
0.1720577471591944,0.3479864823299385
0.1720120542766379,0.32493003334048765
0.1665035830457985,0.3053815082158829
0.1641578535782676,0.2953146639576803
0.1592635378303752,0.2780947329753337
0.1617398674088577,0.2645534701777138
0.1632715337836348,0.24790612784529323
0.1627103600399269,0.23418575434199207
0.1206792949246393,0.2191790326357002
0.1202584971606198,0.26967146582901297
0.1206530538071222,0.25426661012887214
0.1277752012059264,0.23795113893345404
0.1301318167728418,0.223904802107514
0.134219993948463,0.21191645052154054
0.133562067839169,0.19857999812916252
0.1174294558383799,0.18754082658504448
0.121368024261509,0.2010961877552023
0.1214330513597036,0.1886429909409527
0.1009253211968072,0.18188011085951183
0.0994408215512466,0.2024121667430905
0.0997469979743853,0.1932316105519965
0.0993288002225016,0.18227536188443882
0.0990986487621741,0.1715885770994948
0.0986421003940991,0.16360510980017706
0.100199321633242,0.1564090975888212
0.1031734154920259,0.14750703508036295
0.099397045321282,0.14251927392257419
0.1003590281325865,0.1443261699212261
0.0995435775616408,0.13632106735761793
0.1000010255492345,0.13175632257989112
0.0997211472712331,0.12632501020552825
0.0901945970334115,0.12112287858660847
0.0861862932104525,0.1324861527583187
0.0778501014795118,0.13428576031342623
0.0781533876824951,0.1369471104359601
0.0760032220775921,0.12969338327003468
0.0718187902828709,0.12410569020421242
0.0682680237492568,0.1279135974760478
0.0683463252782616,0.13363792233400287
0.065586448599837,0.1265828039516021
0.065097851618764,0.1261614843214638
0.0658639212534996,0.12194179678816962
0.0662695991277075,0.11796610415555821
0.0675064145171338,0.11241148213258846
0.0869968840324092,0.10918620913702093
0.0983910673232005,0.11129128830250315
0.1005318173594901,0.11528922236148949
0.1018636606634191,0.11005340541501192
0.1016794811905804,0.10890647287773096
0.1036187431837765,0.10464776301353478
0.1041223311623694,0.10283337371325399
0.1076627630572961,0.09873101149063974
0.1076799237427925,0.09870429431855282
0.1064755775540789,0.09585409768951414
0.1070413944655648,0.09677795405964605
0.1071347070812081,0.09339682471135476
0.1096292076853493,0.09022584184787265
0.1064578982404387,0.08721057876001365
0.1075592049955975,0.0944787555358419
0.1196125986292993,0.09100265233188132
0.1209278328572978,0.08988536362854326
0.1210518486094862,0.08701195753492989
0.1209147367548777,0.08627654754206097
0.1199154666175281,0.0843187081026137
0.1038768666389067,0.0854801108021218
0.0962802719146374,0.12569011273187047
0.0950927277010824,0.1428743793308501
0.0957391979676327,0.13867304465836677
0.0966187286247211,0.13646060853176673
0.0936016031579434,0.1294031325975795
0.0930846879314359,0.12856358804047174
0.0864723813823583,0.12281426501361427
0.090114260065618,0.12850347675935533
0.0901827299026877,0.12273925805794446
0.0905588054698138,0.11666120525410474
0.0909163117165958,0.11234318153632399
0.0879741101531245,0.1072768840238434
0.0872270869382109,0.10796142353206471
0.0849897645562567,0.1048272439999921
0.0707685275595262,0.10363988316243714
0.0720697112937202,0.1270128271032757
0.0734751721373292,0.12374217548041742
0.0763585859707364,0.11901998353571075
0.0776918661887131,0.11353883160505966
0.0731644236721793,0.1093149121904495
0.0652659855483567,0.11066263804721194
0.064309871760059,0.11466487826429891
0.0598760470607979,0.11220059097687676
0.057799106108902,0.1147585004232868
0.0581035448745568,0.11113855530939946
0.061335347959499,0.10647655154666812
0.063145313566701,0.10219524005150872
0.0601361634615441,0.09865732561549657
0.1179693810512642,0.10331125177140231
0.1288593939473722,0.09913969524847863
0.1288337419149507,0.09840933165441121
0.1295003510604796,0.09524020359887864
0.1311258182051707,0.09231426205157811
0.1315086155421829,0.09158183896616812
0.1356104250982072,0.09131034041487511
0.133892640066187,0.09077462865218484
0.1348433640053554,0.09398451187809677
0.1347153442979081,0.09304944932648603
0.1361020742213524,0.09436573469682456
0.141132161643724,0.0948574915234413
0.1409618798213163,0.09201692357262381
0.1408323705817497,0.09028501293605097
0.1476208266002242,0.0884105982340469
0.1478456535287992,0.08555278705859867
0.1475671777985843,0.08306560884196643
0.1536972225813754,0.0822141424208571
0.1527700169176676,0.08361700162357004
0.1574751586356289,0.08607016692982493
0.1198643190909989,0.08576823512442694
0.1202605580001589,0.17498072731247474
0.1199023422158268,0.18263139199294767
0.1194534430625692,0.17180475437993237
0.1328650130267198,0.16280295715445434
0.1316745814095575,0.1587667916679862
0.1308347268873638,0.15199413835459674
0.1338652447899382,0.15268096244866314
0.133808547835353,0.1440799034288069
0.1416006688285949,0.13995224196496212
0.1433225095220021,0.13534161163888486
0.1471296669772659,0.13435349438598837
0.1513389445873884,0.14064909448054552
0.153789052374848,0.13341044983129674
0.1499608961537591,0.12638963125049288
0.1504568310359607,0.136123628957098
0.1504525325337802,0.12960616496350105
0.1442420147950074,0.12306668411778568
0.1438583966822672,0.13578327997439776
0.1375668816661671,0.12941251886953156
0.1383525794808469,0.13785823211012418
0.1272775022522716,0.13046351584352478
0.1291662054323873,0.14751565398672103
