target_vol,xgb_pred
0.1460493325096186,0.093539774
0.1477936884528958,0.09811018
0.1481441821329317,0.08615498
0.1482244181354937,0.09215138
0.1535775474672467,0.13006257
0.1462800893011142,0.08141688
0.1708181167633937,0.08430396
0.1655959684924955,0.11226577
0.1676135586341478,0.11044837
0.1712894525247277,0.09476314
0.1711341228709675,0.10582259
0.1420342362017648,0.15913825
0.1395216786843594,0.16838454
0.1388406545607911,0.11856748
0.1353163738181478,0.12441711
0.1329432984370802,0.12708257
0.1343841509678332,0.14722504
0.1314898307910059,0.15224667
0.1337200731594488,0.12083949
0.1237771129704137,0.13841924
0.1244090366087384,0.15714282
0.1250469030974796,0.13814224
0.1212730018720251,0.18128623
0.1213374143494027,0.15079351
0.1058033220623036,0.16593224
0.1052098183093377,0.20819335
0.082342551426415,0.18870951
0.081775004212401,0.15716763
0.0819033466124035,0.15727204
0.0818397099961182,0.16789572
0.081198038302543,0.1594402
0.0815994830812458,0.1243708
0.0804490612407244,0.14656256
0.0805744484947367,0.14043756
0.0799704547836979,0.13890241
0.0820541965365227,0.12177729
0.0814505263653083,0.12608893
0.0818533289712371,0.13662377
0.0790469125678311,0.12656522
0.0790063952138409,0.11395524
0.0818727885109974,0.11295185
0.0717677806853527,0.11862681
0.0749226024441883,0.121186234
0.0767968607790575,0.111329295
0.0767272945541105,0.113459215
0.0723209023316205,0.1121279
0.0832413650209478,0.094590254
0.0836184948362753,0.11878148
0.0871290660678515,0.11129834
0.1359547481848506,0.111459024
0.1472467201744415,0.10112801
0.1455867236866107,0.10233808
0.1635808810542802,0.10452168
0.1635277889334966,0.10281107
0.1676771724117412,0.10519677
0.1788046383997646,0.104990914
0.2054095087345996,0.11172864
0.2050451188502367,0.10849593
0.2133305939277029,0.10825756
0.2182448908374086,0.106368996
0.2173151283858814,0.103070095
0.2189743550989658,0.11280544
0.2186629796246979,0.10721314
0.2331862591333657,0.10554245
0.2383726785001196,0.10731791
0.238444274942143,0.10748403
0.2383589688124332,0.103928186
0.2417863408550836,0.11464159
0.2403014133668808,0.12118687
0.2131905348704234,0.18842378
0.2112995734300642,0.16726659
0.2153179272621197,0.11554276
0.2048508846446262,0.16372177
0.2028943404793597,0.14438134
0.1967893848605703,0.19852786
0.1912255309762568,0.16774622
0.1512676464438704,0.20915042
0.1518176838590599,0.22086746
0.1464326399296645,0.18873134
0.1415880174750757,0.20012216
0.137488777176254,0.19551522
0.1356167638424229,0.21998098
0.1372803905359536,0.18760096
0.0926315661913965,0.19989361
0.0939479154289411,0.23299813
0.0927739765244391,0.18667126
0.0919592615755788,0.19292365
0.085233415797398,0.19713637
0.0862176595502996,0.18106529
0.0949093231446993,0.18446916
0.1071340009121188,0.19596845
0.1004247459962253,0.20217112
0.1127496623121863,0.16084641
0.1135394234816142,0.15053332
0.1253803183401607,0.15032183
0.1277638155218402,0.16067602
0.1298948697272335,0.12586164
0.1361063334470335,0.12200969
0.1358015577239971,0.13932575
0.1403617469681936,0.14628807
0.1404325750066063,0.111074604
0.1408822739389886,0.12156311
0.1407343185079836,0.11891988
0.1427868613756204,0.1001031
0.140201621939938,0.111526884
0.1390795146336457,0.113676146
0.1388320389363241,0.10774001
0.1375031510990838,0.09908943
0.1378918585054784,0.100032225
0.1291861613252085,0.105919294
0.1067010095009023,0.12935293
0.1062953111609548,0.11684436
0.1013005913641711,0.11355729
0.0987264917188082,0.112632446
0.0738770931697503,0.14263625
0.0705514858127805,0.15742171
0.0689791676467281,0.122853234
0.0624847033001684,0.13499534
0.0630886909508526,0.1218898
0.0559784926960123,0.15153131
0.0548902155001429,0.12501311
0.0547187999761944,0.1284236
0.0531068476135362,0.12960972
0.0505966621473967,0.15182126
0.0475151419032869,0.12748313
0.0516977770247659,0.14858101
0.0530862330657623,0.12715416
0.0523452557277492,0.12699032
0.0549866919386674,0.13264807
0.0545439526525986,0.113574676
0.0552001505887693,0.12181243
0.0564444018485698,0.12375304
0.0604299502534268,0.122912176
0.0649323274123648,0.11705921
0.0678151090043646,0.11647641
0.0678938011273228,0.12289041
0.0735135251542135,0.09756376
0.0747943644213286,0.11976192
0.0744650971878242,0.11315479
0.0746749309837049,0.11231992
0.0794743336726813,0.08815048
0.0795078185033405,0.09442658
0.079154944150494,0.100542866
0.0792183333802012,0.120998405
0.0791407001552731,0.091068946
0.0775183763663837,0.0962781
0.0771373184176748,0.090437606
0.0771387424126035,0.119757846
0.0741733748993063,0.10560612
0.0753763816179433,0.0892593
0.0748944964495868,0.109450445
0.076789655672652,0.1022147
0.067444369043839,0.10249919
0.0643130466144188,0.12596974
0.0724272284081617,0.0866554
0.0727136576733808,0.08798175
0.0696917042881221,0.092579044
0.0687082403355351,0.09145674
0.0697982674882587,0.09411197
0.0721227527144127,0.09074381
0.0702703270065447,0.104931064
0.0711996128702094,0.10555633
0.0687197449019133,0.10665453
0.0724520732232924,0.10408843
0.0721834238182879,0.10307398
0.0732056614921378,0.10581893
0.0728083271624803,0.10757594
0.0728278065148887,0.10401431
0.0818013893452298,0.099306375
0.1006764519801568,0.09904274
0.1071267603780185,0.09552026
0.1048227365434109,0.096309364
0.1050240850621989,0.091775775
0.1203538625970757,0.14043362
0.1203714688076506,0.0970016
0.1310239558674738,0.10025824
0.1354992322276777,0.096427195
0.1349541758959674,0.090045094
0.1354739439914717,0.092320114
0.1366580809477581,0.11770595
0.1351272744977248,0.101767816
0.1360191983514154,0.0926495
0.1362852239363966,0.09703604
0.1338066863009543,0.124406755
0.1341407895630392,0.1248116
0.1344874676552818,0.12521543
0.1357119829286291,0.09816436
0.1413854126513487,0.09655604
0.1838088513549881,0.10912152
0.2058177302733125,0.13234794
0.2008217043341096,0.14372875
0.2531588308773159,0.11419106
0.2514479234409507,0.11322203
0.2971255255855883,0.16155577
0.3097280821960693,0.14731246
0.3428926685025787,0.12789622
0.3557988524713946,0.12647602
0.3568169061875942,0.13881198
0.4462479621946643,0.12668249
0.4918087233989738,0.12632734
0.5128234692400497,0.13105719
0.6004563824509481,0.11934189
0.692156923809228,0.11869514
0.7829769947581173,0.13806844
0.8201423437093751,0.12121399
0.8273060552158433,0.12069882
0.8289068164771453,0.11945587
0.8340135995502702,0.14545564
0.8325850409655522,0.2074606
0.9098522825807056,0.22732538
0.914544023778538,0.26196444
0.9354270986769476,0.36933085
0.9392421852456582,0.3378328
0.9325941275350328,0.29815096
0.9297264158428576,0.23823154
0.9208756813743464,0.25152385
0.9247698331450118,0.42269817
0.9245640932302636,0.267493
0.9181400726409245,0.32727855
0.8976196026437823,0.8096685
0.8894423923335714,0.52698714
0.8064739911256213,0.7878987
0.7558525749439252,0.79628783
0.6203738284024833,0.60073036
0.6064397805604828,0.61072814
0.567978378146261,0.61489165
0.5713695786505419,0.7509277
0.546021758847372,0.70335144
0.5506308632144187,0.69694084
0.4737582735115503,0.674629
0.473393392942421,0.73645073
0.4355524515583633,0.59088945
0.4174322387357055,0.59748954
0.4076039891155781,0.66846734
0.4075889193619298,0.4960538
0.3633156364866419,0.57135266
0.3793566588423419,0.67460823
0.3719393917423539,0.6312421
0.3020116058591822,0.62162906
0.30425915842519,0.5647295
0.2857820656646138,0.73989886
0.2865880270146557,0.510992
0.2834399903568145,0.4397548
0.2770792535733062,0.4545532
0.2735339803272887,0.41034046
0.2760951097470804,0.3538659
0.2595552886332323,0.39050812
0.2714496015480191,0.3759211
0.2468688672121671,0.40206328
0.2423906510371474,0.6998237
0.2447890577526691,0.55042523
0.2412592482863196,0.29040945
0.2399837887613318,0.27410388
0.2426920190281557,0.31150335
0.2275928311000595,0.30196136
0.2239963478958754,0.28961667
0.1957189474060157,0.48650205
0.1962735151214298,0.37009335
0.1981578228773612,0.2873358
0.1955818249849611,0.24377127
0.2076347528960605,0.2941569
0.2050628570838867,0.2705491
0.2092225058213724,0.23767404
0.19207549298332,0.25568008
0.2901268506251144,0.27821
0.2901300252393554,0.24698702
0.2908938503709192,0.23760757
0.2800644640265873,0.24987271
0.2770272534817952,0.22548486
0.2724473928626578,0.25355506
0.2719343027655871,0.21445037
0.2722704633483443,0.23628978
0.2700675346586607,0.19207539
0.2834227748239754,0.22387747
0.285629408558145,0.20860434
0.2985898905498619,0.26027712
0.303028210308804,0.16486843
0.3050489841214351,0.20388637
0.3023258904238066,0.22181965
0.302779740921301,0.19752486
0.2938082437224429,0.2100908
0.2922645084888909,0.21371838
0.2929143480208931,0.19757093
0.2929407020791279,0.218458
0.195334618763022,0.35768437
0.1965170945236154,0.43830043
0.1986956246853131,0.20323028
0.1904210672388721,0.24204738
0.1900976962768817,0.2056807
0.1900826259108669,0.21831529
0.1891435033755472,0.2012444
0.1885771976252134,0.19951724
0.1887936186587905,0.2105032
0.1664942386854971,0.21493073
0.1671491089203074,0.2392877
0.1361496205193629,0.21298848
0.1342617572260682,0.21331982
0.1337714144845923,0.19025177
0.1344805914260289,0.21196511
0.1355333138318132,0.17370546
0.1278458682599062,0.2573543
0.1195665934161297,0.21784395
0.118865870826535,0.20811993
0.1156609963827004,0.20397702
0.1128133947182533,0.21728224
0.1046156921603993,0.1778329
0.1055918441256449,0.22930108
0.1109177359512052,0.16456477
0.1100312929399483,0.1662537
0.1103435878862817,0.15956035
0.1083104422121639,0.18928276
0.1083108006028701,0.16538167
0.1095771543405406,0.16920508
0.0971952693819326,0.15790804
0.0915333204843319,0.1696583
0.0938645412380848,0.19565478
0.0871641595240784,0.1793771
0.084487415481051,0.19097616
0.0806224800327797,0.16244735
0.0797781114590823,0.18705373
0.0826086378864071,0.15679923
0.0856109177374181,0.1395644
0.09378658464501,0.14605233
0.1656052034153952,0.1361057
0.1692388818162542,0.1390442
0.1975851486727592,0.1215451
0.2072366407583842,0.14534684
0.2113909483061145,0.14479968
0.2113648631518795,0.118564904
0.2167394904235583,0.11373019
0.2171755914221979,0.12966198
0.2175832203534659,0.11720383
0.2193981677313018,0.12888753
0.2226256117056619,0.11984284
0.2248230397154045,0.1161387
0.2248580671046965,0.12647143
0.2366892567931912,0.120502576
0.232753151340363,0.1340376
0.2421569682812235,0.12231907
0.249680075486949,0.12242809
0.2499043125834906,0.11941976
0.2488589577665388,0.12008305
0.2432999306980942,0.14204432
0.2134959816320846,0.20272365
0.2221997745471088,0.22227135
0.2046197830771515,0.19893087
0.2019197591347902,0.20198874
0.1924460908604234,0.16329418
0.1940745642543322,0.22217408
0.1964897502592361,0.196599
0.1985798390070341,0.18239272
0.1996220914588807,0.16272077
0.1961840971091064,0.19277944
0.1899469633633944,0.20405008
0.1943943657388813,0.20602234
0.1923029309703197,0.22137743
0.1682446831152187,0.19535394
0.1684605756389235,0.26173517
0.1614757029222741,0.22969538
0.1691966415844844,0.22973314
0.168363760231667,0.22552648
0.2083784389229436,0.2401819
0.2105897822701686,0.23288934
0.2111175817544545,0.19451615
0.2047055825444485,0.20243932
0.2092396052167655,0.18913265
0.2151149099121902,0.21266432
0.2236155704107927,0.1946413
0.2216444586927691,0.214059
0.2187509934663892,0.20862578
0.2173803819090509,0.2177103
0.2170884939446943,0.21004441
0.2204532484281615,0.2221201
0.2250673488944927,0.15904494
0.2189669352498795,0.19885775
0.2208821537771552,0.21516706
0.2264509313307041,0.14370544
0.2262331007220355,0.15838027
0.2282451840149616,0.15278225
0.2160154822302362,0.20467414
0.2197853734665635,0.21179548
0.1685845665729018,0.20817745
0.1677735681351105,0.2571713
0.1617072350014275,0.16281737
0.1615784138662862,0.20967172
0.1550798522569683,0.1836225
0.1408492467843326,0.19335322
0.1293018659027718,0.22942126
0.1300164896140562,0.17773318
0.1247262403194756,0.17395641
0.1303757858504244,0.16255945
0.1288310980028714,0.17044656
0.1224342362714637,0.18078217
0.1157988964039875,0.21013963
0.1171951655816236,0.18285176
0.1147709871677708,0.19971749
0.1040195305539978,0.20832402
0.1059734853054035,0.2107961
0.1030133376794417,0.19555111
0.1026267296675593,0.20719014
0.0873391980416561,0.2078442
0.0875255148067628,0.14729999
0.0913306308109201,0.16599874
0.0896245314300465,0.18101029
0.0824952101719706,0.1759975
0.083673867160072,0.16052783
0.0989427725256248,0.1431918
0.0972558118863422,0.15490271
0.0987091174648198,0.13630645
0.1103052273633134,0.13710287
0.1040594887246314,0.13860671
0.1084964831805571,0.14533061
0.1081008535738716,0.12056157
0.1054580209903904,0.13207027
0.0985464772479783,0.1310931
0.1032797928471631,0.115980275
0.10490707670138,0.11568149
0.1121947490337461,0.11512058
0.1103732848058741,0.12006641
0.1114286888926731,0.11910357
0.1115211278695884,0.12627265
0.1121285055713603,0.10510402
0.1439562188376779,0.107080385
0.1465998111644413,0.10304816
0.1644713870166936,0.100046314
0.1741166938597011,0.10104894
0.1723314399433454,0.12120065
0.1712634601641815,0.12906674
0.1741756600005915,0.119045876
0.1675019003368915,0.11512676
0.1681336859493304,0.11868344
0.16567893099066,0.119643
0.1657617836839313,0.12509443
0.1657008871629028,0.116401054
0.1650795155962216,0.117785715
0.1618893536522661,0.12370553
0.1606069971738262,0.12882659
0.1554573046459045,0.12128861
0.1557410548489327,0.12024936
0.157957596127871,0.115650125
0.1574759608752161,0.12437167
0.1616214923424358,0.110999726
0.1608770233337557,0.17605525
0.1597466270955635,0.16662988
0.1612063453765498,0.18044673
0.1563730188513584,0.19955003
0.1571005920754041,0.15698904
0.1631153439575349,0.13903455
0.1715021161841029,0.16256168
0.1714855615208591,0.15698513
0.1774762772793846,0.15605246
0.1790242303751563,0.14830834
0.1826128368325081,0.14268748
0.182592486070857,0.14227884
0.1829607643853824,0.15289609
0.1830047271369374,0.120321356
0.183298867725531,0.14144821
0.1905379301985641,0.14325388
0.1905491529828982,0.13099664
0.190146131877333,0.13865346
0.1926681545839434,0.13604714
0.18942240274316,0.14290032
0.1676747157110873,0.18494178
0.1738570796992736,0.21207394
0.153739609505266,0.21553712
0.150886894384255,0.15501823
0.1409489552170926,0.14765857
0.1330544576795047,0.18791069
0.1277545201337463,0.19847937
0.1250102929417244,0.15514596
0.1182954887208983,0.19036
0.1178170554123172,0.1547452
0.1158149959388697,0.1685676
0.1159851273689392,0.14965697
0.1152376988108171,0.17030546
0.1163464408379406,0.14925581
0.1202435436748638,0.14573163
0.1018418086184521,0.15549515
0.1044748875714817,0.17950107
0.1092491275951986,0.16152944
0.1047219828986551,0.16381149
0.1099304872423639,0.177513
0.1129916424361092,0.17976883
0.1026836521403397,0.17737913
0.1025703111350435,0.18220335
0.1012740701464727,0.15881842
0.1019814322178776,0.13402773
0.1028786520144357,0.13941017
0.0922479065829391,0.16395469
0.095944811508676,0.11576279
0.0959915239402292,0.13906428
0.098255278785426,0.13183577
0.0982614982649639,0.1357129
0.1060451167451681,0.109288424
0.1110911595072218,0.12341476
0.1347743986130125,0.11450161
0.136252052795688,0.12442261
0.147025766374549,0.11595426
0.146226993746334,0.113586515
0.1471712101485519,0.13120906
0.1430709330142042,0.12071445
0.144712236823218,0.11607876
0.1393943955755221,0.1430252
0.1440163674921324,0.12313257
0.1442663718826035,0.11676779
0.144413375989083,0.11312905
0.1425902673741982,0.11043909
0.1406122543550043,0.119370095
0.140501930088812,0.12900159
0.1385264733413287,0.11515508
0.13935976199954,0.12165005
0.1402477291493087,0.117752746
0.1379532846139537,0.124356285
0.1328433209547345,0.11728849
0.1283417520477182,0.1250971
0.0978371035300582,0.1545757
0.0908087994245238,0.1951458
0.0755007046314982,0.15721357
0.0750943831351567,0.13485537
0.0704926353496354,0.14951193
0.0692934994817764,0.15114042
0.0787267679762723,0.13089417
0.0931188931472317,0.13794486
0.0882025861438611,0.13462442
0.0878401610409528,0.12661366
0.0896897023902522,0.118965335
0.0901716926805071,0.13054283
0.0902006066029589,0.11763727
0.0899399226786285,0.11844663
0.0899276708112454,0.118269846
0.0893754236651939,0.1208038
0.0878456469787993,0.14459269
0.0882101397274298,0.13460584
0.0883935551837368,0.11825719
0.0944626879883827,0.113219365
0.0995548706228365,0.124088064
0.0998148842033066,0.10682124
0.1013748972973864,0.095377244
0.1006677856728534,0.0899651
0.0989040334967602,0.0808114
0.1043696640662912,0.08446537
0.1068855301618728,0.091874264
0.1069084959421996,0.09496489
0.1087339584763045,0.09818852
0.1083415189532563,0.088952646
0.1117183857299655,0.09279939
0.1115481353396789,0.100518554
0.1136978330282507,0.09759265
0.1138353390853749,0.0995938
0.1142660327668554,0.09387687
0.1153021249438129,0.104475774
0.1129653505424723,0.10799405
0.1157824243052075,0.10321324
0.1171604730418583,0.10454548
0.1141449989604087,0.11480648
0.1086830914274253,0.13015938
0.1083092428985284,0.11335001
0.1072911238670268,0.11409145
0.1074324076184341,0.11805201
0.1064525974746043,0.12015223
0.1009384886229717,0.12016385
0.0798088915975462,0.12570608
0.0732370597809352,0.14162174
0.0813436555443695,0.1234898
0.0812278477076773,0.1297246
0.0779026672425432,0.13320388
0.0831581641103116,0.11719792
0.0808215154087221,0.11322465
0.0807269512501102,0.11696699
0.0836092726036831,0.11508357
0.0858502757761294,0.12901114
0.0855094640733782,0.12001156
0.0826299534076582,0.12230765
0.0794995423778969,0.119622916
0.0776757192259691,0.11844982
0.077845542621678,0.123425916
0.0793917338524742,0.11103648
0.0797899644107972,0.114206
0.0816320671980275,0.11146403
0.0864045015232222,0.11437414
0.0866456614704311,0.11621153
0.0883050899939684,0.10682501
0.090104297710713,0.10300573
0.0798710101447966,0.11426838
0.0883425661089862,0.10903668
0.1026403616660806,0.10045691
0.0960983156113503,0.102223925
0.1034723115654828,0.10729252
0.113032481147813,0.10637268
0.1113829952700108,0.10296776
0.1064890162106422,0.10327078
0.1253816019577222,0.10739465
0.1260326575441626,0.10777146
0.1310509149886175,0.100402035
0.13931722176132,0.10128872
0.1444571977033748,0.09040009
0.1515111350064741,0.09626939
0.153028516209353,0.094940335
0.1568756524103811,0.103637114
0.1547917598957943,0.10973321
0.1559748786884875,0.11011676
0.1552660001575038,0.10191784
0.15236613655767,0.11366164
0.1651380835672682,0.10527089
0.1634965918966399,0.10797932
0.150245179456943,0.13349597
0.1515060881230988,0.13854837
0.1489335204657468,0.12387448
0.1438332889468301,0.1154696
0.1440283551064406,0.11029195
0.1440354949744357,0.11083472
0.1189545120549326,0.13840742
0.1214712509223653,0.1458201
0.1112639509687031,0.11551289
0.10664595942856,0.14744943
0.0891240918798496,0.13604315
0.0854620241778855,0.18706574
0.0860169107964509,0.14841719
0.0839209756850142,0.16781186
0.081861436954983,0.14539962
0.0723733476205595,0.16648474
0.0733986672583885,0.16882585
0.0845673862257074,0.15866971
0.068254190487915,0.16038933
0.0681850134034968,0.15890728
0.0685042532650572,0.12744181
0.0657759281022447,0.16041407
0.0671999147422553,0.17538753
0.0673964695582668,0.13625784
0.06786068526539,0.12296664
0.0682456453688347,0.13695785
0.068229070780912,0.11817578
0.0648466922058298,0.11730365
0.1023528928342892,0.13048245
0.1109297927651264,0.12818952
0.1319567540953672,0.119755544
0.1360171441497525,0.123336315
0.146016314896006,0.12181403
0.1470979221145818,0.11883257
0.1536051606327086,0.115562946
0.1715690673730851,0.1372843
0.1713789416353215,0.1484899
0.1706021113391865,0.117194906
0.1736182606065495,0.14396696
0.1748991312241714,0.1352309
0.1765533044898161,0.09198778
0.1849265375762379,0.14739083
0.1875007605873233,0.09349315
0.1905867100586737,0.0889809
0.1937395062985704,0.090198815
0.2048987235590509,0.09837406
0.2080733318110512,0.08978206
0.20902338973696,0.116719276
0.1959168655597628,0.11402304
0.192466561941505,0.13956505
0.1755928201058936,0.12971447
0.1693229627395389,0.15414675
0.1639101986639388,0.16189912
0.1592585907860526,0.13210331
0.1559597368471602,0.13966787
0.1581146606916425,0.18841471
0.1578872406664537,0.154335
0.1565952677794369,0.15445442
0.1527911147125759,0.18215425
0.1528202323311165,0.1537654
0.1504201018110685,0.18066676
0.1489775627848984,0.18707578
0.1456551945732619,0.16362299
0.1545815584960282,0.17614399
0.154360566660514,0.20624903
0.1433224687871128,0.2283882
0.1497924898939963,0.18404344
0.148297225407067,0.20077662
0.1362091936273805,0.24033591
0.1357010029727373,0.21546035
0.133799850515583,0.15718053
0.1702250927930759,0.14493942
0.1867027865612192,0.15927859
0.1873121017669004,0.15445493
0.192259009260257,0.15807046
0.1980314532411315,0.1791592
0.1995776617893471,0.17832693
0.1995028417669311,0.1550832
0.202801918772998,0.17115629
0.2074823645139683,0.13743907
0.2151651023591644,0.13809544
0.2204573441883919,0.1587611
0.2201647015240529,0.15449943
0.2223226261365697,0.15904687
0.2196890952985022,0.1720736
0.2292874311120318,0.16681643
0.2195197252880373,0.1766913
0.221751285166096,0.19779061
0.226327391124697,0.14625211
0.2336117557773532,0.14625391
0.2459874583249298,0.13983321
0.2294918781255405,0.24027729
0.2242769351336779,0.16533661
0.2338998623700167,0.15654607
0.2302176065553273,0.16486765
0.2173057633699455,0.19294381
0.2377029968813916,0.22940578
0.238175874383084,0.16047052
0.2581485795068876,0.1658968
0.2500340594164726,0.19825368
0.2466268250608719,0.21203522
0.2393656702597207,0.23083173
0.2546185867801201,0.23688556
0.2608181753275982,0.21761106
0.2652010452608779,0.1940624
0.2560436193592016,0.2519912
0.2545771322153773,0.2502349
0.2528773498398343,0.22308569
0.2481774446040341,0.21752018
0.24819362094159,0.24060577
0.2379341810206937,0.24441928
0.2380356946672424,0.22037433
0.2309485258862046,0.2297971
0.226800962243926,0.24783023
0.2343437136075915,0.2323102
0.2312832102513287,0.22309332
0.197614108617283,0.2630165
0.2025030794237027,0.27040046
0.1903017353781532,0.21438116
0.1887437910043572,0.22405459
0.180894018577036,0.21580996
0.1917287175096405,0.25745618
0.1793014498890597,0.23437178
0.1668872417223521,0.22094384
0.1677862344308352,0.24696733
0.1626257229351285,0.22556531
0.1731817196685969,0.2160592
0.1677099344499635,0.21720839
0.1699279613955525,0.20879923
0.184988828414774,0.23264523
0.1855157039761873,0.22107916
0.2041247416101729,0.21830297
0.1963597921315458,0.1986988
0.2232130993303001,0.20333563
0.2511309521918307,0.21094635
0.2526221721106211,0.22762032
0.2503088725556286,0.22233588
0.2765599680353197,0.19082151
0.300553359089226,0.24148121
0.29879920558864,0.22469757
0.3149437660272067,0.1618225
0.3132043274751011,0.23413259
0.315635521595906,0.17418092
0.3098522385679466,0.19160092
0.32606739556198,0.17091748
0.325596551777021,0.1838792
0.3295752852340507,0.18912672
0.3540767229587571,0.1586284
0.352568720261977,0.15705098
0.3433920858705318,0.20195362
0.3513346442589863,0.21919027
0.3386049318056403,0.22878727
0.3405684210952874,0.2594178
0.3355185759950099,0.24583766
0.3216551002241935,0.28967732
0.3216148579885849,0.29113892
0.3222785762677869,0.21839693
0.310359159645928,0.240577
0.2881774390512763,0.24647608
0.2876358960231818,0.3546879
0.2620357977810285,0.28591576
0.2661185456934311,0.36042085
0.2745527094361963,0.24772441
0.2951906263051481,0.34261817
0.3106319170170097,0.26657727
0.3106262530343393,0.23216832
0.305064114705486,0.26549762
0.2938202129112175,0.43891576
0.2942403071755142,0.3814034
0.3102622809513631,0.25732794
0.300935905952121,0.25975263
0.3034713368363841,0.23336092
0.3237611220540633,0.2731084
0.3146578612081662,0.27809247
0.3054051297965772,0.25902396
0.305571165359116,0.23937935
0.3055778628717694,0.23341914
0.2986927457109682,0.27711436
0.2958327319410234,0.19616115
0.2959306486790731,0.24772787
0.29959141787373,0.22183041
0.2982367532654873,0.22681168
0.2894404434877566,0.22002645
0.2722807010293911,0.26436427
0.2339493144096645,0.30114952
0.2338341216842945,0.36859295
0.2380347947976411,0.2625405
0.203605391630804,0.29370424
0.2212548654010512,0.29837668
0.2068206966818465,0.28294632
0.2078145708367374,0.25778624
0.2107922023360693,0.22835056
0.1806043336812294,0.2596788
0.1854959585326548,0.2600468
0.1889159031765967,0.26638645
0.1915857453184895,0.27221087
0.1905160252618039,0.24845958
0.1907878274413672,0.2615025
0.1942358851825531,0.1995711
0.1990331765004958,0.18342155
0.1953002931623823,0.21833088
0.1955580376729591,0.18454137
0.1886583155948875,0.18034156
0.1851167519045393,0.19087687
0.191095161328907,0.18843979
0.190006323519556,0.18961965
0.1881121540390612,0.1861637
0.1813697748134775,0.16097814
0.1640405224710418,0.2395918
0.168983775971035,0.18909746
0.1673790470232074,0.17051013
0.1722564080060175,0.1645607
0.1927479802645592,0.18708454
0.1863828974405276,0.14790574
0.165574877322084,0.20428051
0.1670193223317943,0.16167931
0.2033968093796577,0.16982545
0.2043254694090587,0.15842791
0.2065274674731581,0.18254654
0.1977825119069069,0.21766008
0.1986779535602911,0.1582259
0.2008859388438451,0.16015239
0.2008461490450528,0.15254304
0.2135835270638629,0.16150758
0.1991988171245445,0.19984724
0.2089311848468018,0.14523767
0.2028387725747762,0.18334463
0.2511722536846167,0.16168967
0.2518742396183058,0.16799761
0.2529805888752134,0.15259896
0.2516697274659079,0.18775986
0.2534222376489533,0.15063897
0.2470848682205426,0.17827503
0.252056499473331,0.21806149
0.2508934762723001,0.18608114
0.2440333644962402,0.16875477
0.2210546752791139,0.20175233
0.2211599214695174,0.2760221
0.2360084473066462,0.17278498
0.2439311131839057,0.18084317
0.2456418148059781,0.15810506
0.2680178192850413,0.19372962
0.2934318883264926,0.17484409
0.2844667665673134,0.18388087
0.2837094464677735,0.16829795
0.2878363967101666,0.16732234
0.281450242719291,0.18113776
0.243014758773322,0.39907736
0.2410903216457954,0.31250876
0.2632445673874675,0.20056099
0.2723782507938642,0.22029579
0.2889469104405041,0.2037027
0.2914572367946229,0.23185655
0.2862085227030181,0.22753471
0.2862035717775203,0.25845563
0.2931812759350729,0.23864287
0.2928845734230233,0.21917295
0.2963827865460824,0.24505167
0.2917983244126022,0.22833033
0.2807366304540326,0.24576148
0.2819747759654931,0.2615489
0.2724644967120822,0.25113106
0.2524761217396165,0.30176052
0.2690960223633755,0.25062978
0.2690864634750504,0.24488702
0.2522519158829195,0.28308615
0.2510414278177579,0.2629605
0.2488787564529706,0.23140548
0.262419991386841,0.22384866
0.3091486873016861,0.24729383
0.2928679341471016,0.27936625
0.2868923533602207,0.28954327
0.2859400247438513,0.27071977
0.2862166783184947,0.26183417
0.2838726604522386,0.25522664
0.2737146486958018,0.30686232
0.2723080929322742,0.2508097
0.2707806859561068,0.25496987
0.2688100695634892,0.2944533
0.2674094789330168,0.25939435
0.2637602041322761,0.2795759
0.2622260920169193,0.2445702
0.2816919531479508,0.24271329
0.2616700149856454,0.2536756
0.2568999776852425,0.2606542
0.2663384385908876,0.22135064
0.2721348273538845,0.21808511
0.2720581593500314,0.21749589
0.2596906603342354,0.25194263
0.1800101359133637,0.33080477
0.1841154885058554,0.23908487
0.1830018540870119,0.24607138
0.1824037386604063,0.23193257
0.2012110613098797,0.23399042
0.204956821803637,0.24590456
0.2053655878333643,0.23264503
0.2055503745688482,0.22480054
0.2070340433207201,0.21429732
0.2096858097316818,0.20703095
0.211618148874574,0.18499443
0.2053832442621498,0.22053078
0.2089774191700606,0.21940899
0.1850918521459786,0.24067219
0.1849287283696419,0.19769605
0.1848581513923308,0.19147259
0.1796042339565593,0.21573564
0.1770526048210262,0.22203113
0.1969610930647305,0.22459583
0.1945516148472152,0.19565922
0.1947713066499534,0.1703066
0.1931477648652494,0.23145002
0.191561425078063,0.16610938
0.1907547878021579,0.15204912
0.1669658053554717,0.19111297
0.1717272461616062,0.21297055
0.1708844055384064,0.17668638
0.1816401656531655,0.17244688
0.1791801062456907,0.18663459
0.1691735875500488,0.19562545
0.1688814754362844,0.21218614
0.169919011360337,0.15145329
0.1598634336058398,0.18941753
0.1607266241657516,0.19504367
0.1654370566479279,0.15664704
0.165148983841195,0.16257952
0.1689675225967247,0.18524419
0.1680169034403736,0.16677627
0.1566631265263796,0.17404555
0.1602363104511076,0.1665713
0.1674542413194335,0.18289354
0.1675262487905144,0.16999286
0.1673638276772721,0.15195455
0.1711526040195932,0.15053229
0.1708386568073341,0.1433193
0.1574498686697177,0.17283179
0.1645879207864888,0.20387481
0.1540543402385829,0.1727654
0.1667798847668192,0.16524553
0.1668047963475671,0.14783971
0.1679474645318268,0.15752317
0.1669205437574139,0.16248676
0.1672594966026044,0.14900535
0.1619399714528048,0.15923971
0.1519981261833072,0.17576343
0.1493389210726513,0.15487996
0.1514933374099355,0.16214295
0.1477129998824016,0.15558921
0.1555301874390645,0.1577918
0.1465220052914157,0.16416574
0.1549898672363595,0.15636264
0.1594608631160144,0.16290277
0.1584521039640526,0.17820792
0.164951929766007,0.16660193
0.1652315515422676,0.1433907
0.179263437558986,0.13561668
0.1775974010187776,0.16368793
0.1823420623028974,0.19619569
0.1750611324249536,0.18710563
0.1855978332594826,0.20076086
0.1847224130729375,0.15375102
0.1825022296727328,0.16972865
0.1822168669849047,0.1708578
0.1818939493354967,0.15485258
0.1880901568087759,0.18037069
0.1873051616097942,0.19297144
0.1853870684501425,0.19298483
0.185685228888858,0.13637307
0.1772048590122734,0.17807832
0.1777985459493828,0.19527356
0.16162025514811,0.1588405
0.1489466332388959,0.19289504
0.1483732954487561,0.17285171
0.1419899699264659,0.19256528
0.1433341248034613,0.15917547
0.1343025028764372,0.20743354
0.1237570118550197,0.1596104
0.121486685477171,0.17298424
0.115216321925454,0.18767096
0.0952761175318778,0.17628719
0.0954561906150437,0.20984647
0.0942525787517433,0.18268828
0.1140671421409902,0.14544106
0.115082491088353,0.14137545
0.1243548594097054,0.19425534
0.1259739243626556,0.16605939
0.1171729403591501,0.17195128
0.1240082959679615,0.15728602
0.1248801140616825,0.14854935
0.1270873538249702,0.16720659
0.1427968461485869,0.1577141
0.1427794584597753,0.15943442
0.1437840538783209,0.16448279
0.1437214413504112,0.14537515
0.1359067744038878,0.15573178
0.135713470802831,0.14374995
0.1356646020548443,0.11735477
0.1376142279006617,0.13566044
0.1446543578238163,0.12188786
0.1467783233746063,0.12519725
0.1470138512877687,0.11053567
0.1470157127025424,0.10839848
0.1407118128915838,0.13198568
0.1425987681724485,0.13964275
0.1277805240962039,0.15310363
0.1323702383740947,0.12815472
0.1322532980608317,0.11609204
0.1268840506070981,0.12470249
0.1269347454365048,0.12173813
0.1300915911451369,0.117165044
0.1170825769177083,0.15579167
0.1169635327406549,0.12153946
0.1163525695752903,0.1250346
0.1168891330963579,0.13415949
0.1160838992350875,0.13766627
0.1178322045711211,0.11796749
0.118639585908483,0.11926118
0.1134612139120946,0.12457242
0.1137298976932444,0.1472295
0.1133947141619638,0.1417052
0.1158980457171384,0.11722624
0.1187685794354193,0.12133134
0.1078017498776708,0.13287766
0.1082010417362905,0.14399688
0.1085493109974453,0.14728099
0.1061802731553894,0.14172782
0.1061550871894513,0.12133361
0.1023763378632963,0.12992953
0.1047036939466991,0.12652276
0.0952095748306165,0.14284085
0.0949866710249863,0.1291318
0.1012542860437004,0.11697403
0.1006956740006021,0.11852617
0.0993982843353802,0.13113545
0.1009419900464465,0.11378028
0.1000123691886486,0.11875291
0.101003899516827,0.119343005
0.1013158837498763,0.120699115
0.0933962402103426,0.14200343
0.0943398814456029,0.13338664
0.0908044228526089,0.120293155
0.0925366373396753,0.12149659
0.0925634444406366,0.12489118
0.086069708120111,0.12307365
0.0826159013052884,0.13871917
0.0770977051586197,0.14008886
0.0830987172729719,0.11484197
0.0875076850900157,0.11505088
0.0797756137268763,0.12819478
0.081341145327008,0.11958837
0.097744283867421,0.11273505
0.0933981573370112,0.116037294
0.0946744407103792,0.1228711
0.0985011645689966,0.12561794
0.0984698317265961,0.11359708
0.0978427721819927,0.123151965
0.0932853429887263,0.1232926
0.0932842302875383,0.10963424
0.0946768862912477,0.12261611
0.0982918309708187,0.1187422
0.0996696730709691,0.119080864
0.1003788959360967,0.11337056
0.1005070695044162,0.11716009
0.102411860860119,0.11572142
0.101131650348039,0.11336829
0.1110676243453732,0.1105131
0.1184393702957979,0.107498586
0.1152915502445971,0.12050333
0.1182486359639786,0.11017193
0.1310389963349642,0.10229638
0.1223247795726411,0.11794573
0.1219737979353688,0.14366582
0.1208119404063594,0.11278719
0.1178926527865092,0.11407479
0.1193150416269471,0.1204218
0.1174020069857325,0.114774026
0.1175319886626692,0.12902382
0.1198067396045309,0.10856693
0.1198504309501408,0.11146882
0.1119470822572201,0.12704203
0.1115765812152238,0.12208189
0.1172677103260284,0.12272046
0.1172623622848503,0.12026203
0.11586695402008,0.11937637
0.120529058980908,0.11186919
0.1274542123871581,0.12309614
0.1183061898642521,0.12614557
0.1163068947777742,0.15319395
0.1233213775092866,0.124249265
0.1081451054162495,0.13953194
0.1096442144903574,0.13185477
0.1095906706100149,0.12626697
0.1087060964644686,0.11778466
0.1153458126574086,0.13330968
0.1199319810632022,0.12420639
0.1200830616713342,0.12382502
0.1294554339672208,0.11052806
0.1293110193327292,0.123784706
0.1306605841143064,0.13567765
0.131747213377678,0.15544248
0.1278707561760788,0.118870094
0.1225688382942373,0.12097097
0.1294696887816601,0.126521
0.1294179114506605,0.12984343
0.1338223569339177,0.122508444
0.1241703067220339,0.1637021
0.1309798157297503,0.14274009
0.1294921138764841,0.12713027
0.1228741033834856,0.14966804
0.1327288593054591,0.13517225
0.1356883687840214,0.12848091
0.1360050114099398,0.10770099
0.1446437998344948,0.11309377
0.1396514936951066,0.12486205
0.1425670895476779,0.12822588
0.158036813044513,0.112193815
0.1557878382137574,0.12154255
0.1544448894642016,0.13418922
0.1536998784864748,0.12309369
0.1530557477715584,0.11997138
0.15409730460638,0.14236291
0.1621910018832394,0.119735785
0.1584139554003392,0.12438818
0.1717668715298748,0.11188243
0.1625567725318512,0.12890607
0.1573363444863975,0.124098934
0.1471212725604714,0.13177203
0.1465571790201348,0.13333465
0.1473960249933926,0.123232655
0.1314770106813426,0.14461747
0.1175449369344401,0.17480342
0.1149903588247089,0.15801081
0.1129071096918097,0.17158447
0.1141840421852417,0.13669834
0.1116247853757428,0.17027327
0.0967541584631328,0.16942927
0.0985425703707062,0.17975844
0.098996794290957,0.15233907
0.101517686298602,0.14972357
0.1032926839371872,0.14491268
0.0961756337318015,0.15607728
0.0841905603587759,0.17969084
0.0835760513507438,0.15290609
0.0703059390196822,0.17596163
0.0703600859744387,0.1501336
0.0717340661878692,0.13710125
0.0725666483711048,0.11807924
0.0712615412471006,0.17339924
0.0908889078338048,0.15002911
0.0946229361819045,0.1325483
0.0944604638989151,0.12027873
0.0935071736828972,0.11287283
0.0933795192566439,0.13169652
0.0929624176692915,0.12622154
0.094783624466333,0.12136759
0.0976417423001446,0.11624346
0.1009043818098062,0.108373374
0.1021493309991099,0.1014738
0.1001443627555736,0.10557441
0.1077724353298435,0.113455124
0.1080767204643818,0.10671709
0.1087325137877275,0.099465996
0.1084712241262499,0.10123344
0.0984450984903037,0.103483275
0.0992940918167476,0.09429866
0.1013822209868158,0.09441148
0.1042430325372073,0.11134225
0.1109431938212041,0.11624515
0.0963112260534465,0.11023685
0.0919518309049955,0.12749758
0.0919118137986773,0.112500325
0.0925323661963546,0.11362131
0.0929461766878304,0.11191929
0.0959149326656543,0.10338863
0.0949116667647421,0.106242396
0.112098722859936,0.12500419
0.1140901440558806,0.12034096
0.1159064602949524,0.12238167
0.1180845121691484,0.11091445
0.1098785619288538,0.14010844
0.1112304520212156,0.11493649
0.1108093397392981,0.12072025
0.1110122213759148,0.11161856
0.1113345118636822,0.11923845
0.1239766712187943,0.109276466
0.1230255805745042,0.1125633
0.1219105990705144,0.115925364
0.1189933249578292,0.12078006
0.1217293856565824,0.10835994
0.1215978995060007,0.10906649
0.1394246311026682,0.105139814
0.1389970234697192,0.108338386
0.1400003871584631,0.10036864
0.1381871961914907,0.11560884
0.1383242315135946,0.11419617
0.1209492759111663,0.12974064
0.1173977072327,0.13755345
0.1139187761589142,0.11666956
0.1200607103922192,0.11313676
0.1206448557790296,0.13035078
0.1219306150712159,0.12711482
0.1249011720063393,0.12593645
0.1239905383474175,0.11212649
0.1285033214748379,0.11290557
0.1157054842019907,0.12216294
0.1136112483602299,0.1316958
0.1156489494834825,0.13576694
0.1147258043584311,0.12955675
0.1124786993653519,0.12086093
0.1152075086813615,0.12543452
0.0936441396418008,0.14590147
0.0944184931121587,0.14132698
0.0938214156128693,0.13245551
0.0945530098985748,0.14233792
0.0971908266175219,0.11495245
0.0971933100492484,0.10154118
0.0933822265534771,0.1378023
0.0968210991367587,0.11800998
0.0879576836471141,0.11649857
0.0990861463651866,0.12146211
0.0997490417626977,0.13271293
0.0967284119616221,0.117926724
0.0965244743282875,0.14002103
0.096803838740906,0.12700334
0.1002902649506288,0.11386551
0.1121847540898321,0.12155302
0.1183427526347375,0.12877221
0.1159077333786678,0.122659706
0.1145764205514695,0.112841874
0.1073767344977041,0.11833743
0.1079369673480465,0.11717561
0.1158287267988369,0.11669911
0.1258297750148709,0.11606377
0.1258559794881898,0.11331566
0.1207564778946532,0.1159097
0.1272350529193665,0.110982776
0.1284400646838422,0.121009566
0.1377674172871211,0.12117878
0.1374809660019027,0.11695309
0.1371554106300314,0.12310046
0.1393907500474495,0.13217248
0.1447123891917733,0.11105662
0.1447058634607237,0.11347812
0.1399460062747182,0.1203993
0.1388699295394227,0.12815873
0.1284810315431496,0.11322993
0.1181720071783418,0.13692449
0.1178918053042358,0.13606654
0.1195303590269614,0.12459214
0.1195302291932334,0.13279952
0.1116174421169669,0.12117888
0.1096845494452284,0.124252014
0.1045817372738952,0.120577484
0.1058263092868541,0.11502809
0.1092349804213189,0.13611916
0.1071852108772809,0.12750691
0.1071337708638119,0.11436557
0.0908148154440153,0.15913749
0.0943330092891636,0.18040957
0.0940928062051362,0.14581153
0.0861516302477455,0.15848798
0.0798064976572091,0.16504836
0.0883568615467131,0.14966895
0.0883849982983367,0.124817304
0.0875690457333832,0.1442773
0.0877943044457927,0.112128705
0.0877291624587449,0.11371312
0.090290506315392,0.114213504
0.0811799278326899,0.121687025
0.0803148589596302,0.11831903
0.0836795470472253,0.11104667
0.0837169123459377,0.12411216
0.0851099490767675,0.119321816
0.0842401907348798,0.11029663
0.079674669180078,0.12209762
0.078028782039858,0.12898651
0.077969569007758,0.10813705
0.0709800226659285,0.10157515
0.0671140875350124,0.1239176
0.0620011891164294,0.13151847
0.0642025023498863,0.11509458
0.0645944218197761,0.09695071
0.0557199250223394,0.10506141
0.055312026501321,0.103494
0.0541291275497345,0.10992343
0.0605927133641504,0.10434413
0.0724030710195885,0.10201221
0.0705305779332787,0.1087903
0.0706006840449255,0.102294914
0.0718241445650437,0.0969356
0.0889241345938184,0.10352343
0.0939570184349911,0.10099512
0.0967713743074572,0.10370047
0.1026721359937774,0.108421296
0.1019337279205624,0.09882165
0.1319231951968834,0.10429147
0.132892322559788,0.09285388
0.1392055542521923,0.0898625
0.1385071571225218,0.089631535
0.1394488536707347,0.10229417
0.1493831938370702,0.1024456
0.1568413861154423,0.1095542
0.16716221158516,0.100648455
0.1930229510701287,0.09864433
0.1977046263849043,0.093180574
0.1919480699424777,0.15497896
0.2131243907519643,0.0901094
0.2122098302596265,0.10311411
0.2116313205402995,0.09068724
0.2202127067237194,0.11612877
0.2161654799398989,0.114324674
0.2239410697161951,0.1346207
0.2226343285041004,0.12322071
0.2222178676449776,0.12141028
0.2222248764504204,0.113584936
0.2044525460972117,0.15111415
0.2058679679590143,0.16826165
0.2055294903005887,0.1570903
0.2059942423987363,0.12281496
0.2045498974866866,0.12945643
0.1988836333615216,0.21412225
0.1909535704748377,0.1656153
0.1771989350300188,0.18577537
0.1576209847816283,0.1961457
0.1570539674207308,0.2125598
0.1543757295707054,0.179679
0.1507821125413545,0.214108
0.1546952895351243,0.18058448
0.1550542471461349,0.21202967
0.1486674961889194,0.20325734
0.1507599300143088,0.19694167
0.1400014130980003,0.20185432
0.1399236032125088,0.20954041
0.1360488904963046,0.21303515
0.1363853307925842,0.19209409
0.148442296132028,0.16605301
0.1451790553114506,0.16277076
0.1410553980720083,0.18095624
0.1407023090169591,0.15309551
0.1411773762828694,0.14855054
0.1392536138604089,0.16268122
0.1395517625278833,0.15981737
0.1366066177819401,0.15481904
0.116546907227277,0.17973389
0.1158406522236695,0.22602358
0.1155699954814042,0.13621996
0.0945580575171784,0.18878376
0.0988617093857633,0.16810031
0.1019932704437236,0.14876898
0.0992449541318499,0.15324697
0.0973146824841976,0.14548221
0.0977201528213549,0.1261401
0.100356138867213,0.119622886
0.1061720297818823,0.13897216
0.1051496980499722,0.11904994
0.0891960407593442,0.16310164
0.0890104999659474,0.12768097
0.089556387410118,0.13511345
0.0895376812923873,0.12202048
0.0960741156395894,0.11699064
0.0954742892366366,0.12277302
0.095239133293507,0.12188811
0.0948688707025871,0.14069419
0.0878269888341195,0.12492621
0.0890490023523998,0.12175115
0.1154658437925729,0.11389479
0.1116958839621949,0.12041568
0.1069724519073037,0.12265294
0.1103052551546004,0.12802804
0.1385132523240325,0.123576276
0.1399086157724262,0.118957736
0.1393568343042703,0.11750368
0.1371847195906932,0.118021876
0.1340696826481985,0.11446181
0.1336680551600461,0.12246261
0.1364168584718745,0.11583494
0.1443879203049656,0.115456596
0.1449031893491416,0.11148322
0.1453114508027189,0.10927467
0.1406736503773868,0.116926424
0.1414563265892025,0.11977769
0.1414751571085925,0.11194107
0.1415264415027634,0.11497959
0.1421662276016514,0.10651898
0.1421684321062377,0.104399055
0.1182084320314513,0.123759724
0.1181634328106519,0.15561089
0.1170741521126235,0.109124765
0.1128067018020602,0.12176033
0.078245524244475,0.1509829
0.0745765630489349,0.13985026
0.0765693373798712,0.1351262
0.0776316968715483,0.12818979
0.0806903402928485,0.11741379
0.083498644844648,0.12530147
0.0793481688287037,0.11716275
0.0610330372436607,0.1335688
0.0637902107885105,0.13415463
0.128411995783155,0.11788741
0.1283870644544162,0.11615835
0.1342768866464769,0.12841448
0.1355505694902562,0.12531613
0.1406530262385817,0.12389867
0.1395416123815793,0.121748745
0.1443688493892805,0.124909885
0.1476566642351812,0.12880678
0.1475372655938073,0.11192176
0.1474368042054774,0.11309896
0.153270642515843,0.120501116
0.1551809582028505,0.11054448
0.1592465130578714,0.10275883
0.1589251943333094,0.09468738
0.1667595560748938,0.0941543
0.1635500347294458,0.10891949
0.1635321334429429,0.104494505
0.1779125760624524,0.10554516
0.1769371171228843,0.14573364
0.1807834621439849,0.14283337
0.144988440324899,0.16256171
0.145487031510946,0.13992634
0.1412929640876265,0.12500243
0.1411285646139724,0.11605902
0.1459630997746045,0.1241452
0.1492127108556613,0.11512471
0.1448436949318559,0.1246437
0.138459847502786,0.1458213
0.139405727147461,0.1288894
0.1417641117703219,0.12442104
0.1370740912912164,0.13808738
0.1363965539847126,0.13042215
0.1288906112750184,0.13983017
0.1343475677743785,0.1709985
0.1209755780060727,0.16759516
0.1210517476777087,0.20250444
0.1224687137161912,0.13356155
0.1116710794064092,0.17461519
0.1111253273853346,0.15420306
0.1067129197095055,0.1809981
0.1026442485816601,0.14478175
0.1024544076299133,0.13424067
0.1179187230697658,0.14779036
0.1184497553210702,0.1349671
0.1087685349153322,0.16913643
0.1035777102150945,0.17978571
0.1164016797794623,0.13075377
0.1290781884483786,0.14915293
0.1415264277030316,0.13271773
0.1451885993401129,0.1409618
0.1489333520994227,0.17317723
0.1580465000148125,0.1372531
0.1593140096410957,0.12052788
0.1802809819012329,0.13867117
0.1768562842316548,0.11551506
0.1792635963650778,0.118526034
0.1823127040222232,0.116497405
0.1960629468766205,0.14945062
0.2000118003430807,0.11524872
0.2000169852507616,0.12912226
0.2059386640271159,0.12568115
0.2059648020874757,0.12073935
0.2001292556325363,0.16117471
0.212989777612128,0.14365503
0.2131497015010503,0.11660689
0.2162301543684986,0.12240146
0.209850249650174,0.13762733
0.2101307426302697,0.1644286
0.2056216374051883,0.15095447
0.202820130563804,0.1665918
0.1999759815358405,0.16616951
0.2600666037278841,0.18700066
0.3274030879101531,0.20090747
0.318468959971473,0.216131
0.3205531508701144,0.20013468
0.4924701562045881,0.16760437
0.5152363424574461,0.19277951
0.513708167555728,0.20016943
0.514273328240805,0.24934417
0.5133048206901358,0.22862947
0.5158887139639986,0.20541117
0.516200083981918,0.24857874
0.5210957319633269,0.20623572
0.5263547959168957,0.19596475
0.5305295822578812,0.19241439
0.5364043007674824,0.20615505
0.5373754031434775,0.20336378
0.532737140602369,0.20166156
0.5326662676380916,0.23146631
0.5325380522135192,0.15316042
0.5326739404081591,0.16592196
0.5008548316620293,0.34640867
0.4439657939956046,0.3758925
0.4460103490611057,0.468106
0.4391729498056864,0.185242
0.265723193927963,0.45959562
0.2025823416290071,0.65904915
0.2221015442705242,0.7236899
0.2214030758245764,0.34696066
0.2201508023852503,0.32324484
0.1958535101236436,0.39811522
0.1951688070981752,0.45765886
0.1610672685524086,0.38552728
0.1497381213785968,0.34097758
0.1656982082115877,0.32668236
0.1540358784056516,0.28039446
0.1572641009480727,0.34174743
0.1694853150351684,0.5191367
0.1722887764306388,0.39145297
0.1720577471591944,0.5168371
0.1720120542766379,0.39695847
0.1665035830457985,0.31090078
0.1641578535782676,0.18026458
0.1592635378303752,0.2112112
0.1617398674088577,0.20185235
0.1632715337836348,0.21503477
0.1627103600399269,0.15814874
0.1206792949246393,0.26336667
0.1202584971606198,0.22227779
0.1206530538071222,0.19291857
0.1277752012059264,0.17266439
0.1301318167728418,0.16510741
0.134219993948463,0.15088336
0.133562067839169,0.2002171
0.1174294558383799,0.18085147
0.121368024261509,0.20256664
0.1214330513597036,0.13871418
0.1009253211968072,0.1756729
0.0994408215512466,0.17146462
0.0997469979743853,0.18967041
0.0993288002225016,0.15365614
0.0990986487621741,0.16262984
0.0986421003940991,0.14032944
0.100199321633242,0.13101159
0.1031734154920259,0.13074479
0.099397045321282,0.16125374
0.1003590281325865,0.12978606
0.0995435775616408,0.1912313
0.1000010255492345,0.12399769
0.0997211472712331,0.12108091
0.0901945970334115,0.11724513
0.0861862932104525,0.15235972
0.0778501014795118,0.13369367
0.0781533876824951,0.13108683
0.0760032220775921,0.11843013
0.0718187902828709,0.13252948
0.0682680237492568,0.11839695
0.0683463252782616,0.119885474
0.065586448599837,0.11486414
0.065097851618764,0.11295758
0.0658639212534996,0.11749372
0.0662695991277075,0.11955826
0.0675064145171338,0.118562646
0.0869968840324092,0.11895467
0.0983910673232005,0.117302015
0.1005318173594901,0.1378178
0.1018636606634191,0.11608504
0.1016794811905804,0.12253566
0.1036187431837765,0.113503866
0.1041223311623694,0.11573086
0.1076627630572961,0.11863799
0.1076799237427925,0.12667194
0.1064755775540789,0.13173364
0.1070413944655648,0.11834193
0.1071347070812081,0.120162606
0.1096292076853493,0.11882952
0.1064578982404387,0.106869325
0.1075592049955975,0.09248928
0.1196125986292993,0.14818564
0.1209278328572978,0.10168963
0.1210518486094862,0.09032943
0.1209147367548777,0.090982795
0.1199154666175281,0.09579556
0.1038768666389067,0.10429034
0.0962802719146374,0.1187197
0.0950927277010824,0.10417527
0.0957391979676327,0.11129538
0.0966187286247211,0.101537116
0.0936016031579434,0.11787706
0.0930846879314359,0.10548617
0.0864723813823583,0.1158968
0.090114260065618,0.11081097
0.0901827299026877,0.11833575
0.0905588054698138,0.109081805
0.0909163117165958,0.1090949
0.0879741101531245,0.11384102
0.0872270869382109,0.11997593
0.0849897645562567,0.11062536
0.0707685275595262,0.14494024
0.0720697112937202,0.11386273
0.0734751721373292,0.12297171
0.0763585859707364,0.11197592
0.0776918661887131,0.118258156
0.0731644236721793,0.10392064
0.0652659855483567,0.12727828
0.064309871760059,0.11669171
0.0598760470607979,0.12038845
0.057799106108902,0.11452673
0.0581035448745568,0.124780044
0.061335347959499,0.11498714
0.063145313566701,0.10456678
0.0601361634615441,0.114263326
0.1179693810512642,0.106535666
0.1288593939473722,0.11186859
0.1288337419149507,0.10993654
0.1295003510604796,0.110524036
0.1311258182051707,0.12002153
0.1315086155421829,0.1110801
0.1356104250982072,0.12144641
0.133892640066187,0.11709263
0.1348433640053554,0.11408816
0.1347153442979081,0.10618294
0.1361020742213524,0.10539836
0.141132161643724,0.12156108
0.1409618798213163,0.21058974
0.1408323705817497,0.1789015
0.1476208266002242,0.11982074
0.1478456535287992,0.10330806
0.1475671777985843,0.10205
0.1536972225813754,0.1112216
0.1527700169176676,0.14686176
0.1574751586356289,0.11037596
0.1198643190909989,0.15501748
0.1202605580001589,0.14367788
0.1199023422158268,0.113641515
0.1194534430625692,0.11601247
0.1328650130267198,0.1159913
0.1316745814095575,0.12688251
0.1308347268873638,0.12020225
0.1338652447899382,0.11440021
0.133808547835353,0.121079445
0.1416006688285949,0.12797125
0.1433225095220021,0.1319513
0.1471296669772659,0.12086703
0.1513389445873884,0.118107155
0.153789052374848,0.124555364
0.1499608961537591,0.12772591
0.1504568310359607,0.1477983
0.1504525325337802,0.11339544
0.1442420147950074,0.14095178
0.1438583966822672,0.16310619
0.1375668816661671,0.14836438
0.1383525794808469,0.120615356
0.1272775022522716,0.17716813
0.1291662054323873,0.11916473
